{
	"format_version": "1.12.0",
	"minecraft:geometry": [
		{
			"description": {
				"identifier": "geometry.unknown",
				"texture_width": 32,
				"texture_height": 32,
				"visible_bounds_width": 2,
				"visible_bounds_height": 1.5,
				"visible_bounds_offset": [0, 0.25, 0]
			},
			"bones": [
				{
					"name": "root",
					"pivot": [0, 0, 0]
				},
				{
					"name": "bullets",
					"parent": "root",
					"pivot": [0, 0, 0]
				},
				{
					"name": "box",
					"parent": "root",
					"pivot": [5.84776, 1.5, 4.76537],
					"cubes": [
						{
							"origin": [-6, 0, -2],
							"size": [10, 8, 5],
							"uv": {
								"north": {"uv": [0, 9.5], "uv_size": [12, 6.5]},
								"east": {"uv": [0, 16], "uv_size": [8, 3]},
								"south": {"uv": [12, 3], "uv_size": [12, 3]},
								"west": {"uv": [16, 6], "uv_size": [8, 3]},
								"up": {"uv": [0, 0], "uv_size": [12, 8]},
								"down": {"uv": [16, 9], "uv_size": [8, -2.5]}
							}
						}
					]
				},
				{
					"name": "bullet6",
					"parent": "box",
					"pivot": [-3.21515, 2.54783, -2.7093],
					"rotation": [-10.5, 0, 0],
					"cubes": [
						{
							"origin": [-3.49015, 0.09125, -2.87674],
							"size": [0.55, 2.30782, 0.55],
							"pivot": [-2.49383, 4.61366, -3.11435],
							"rotation": [-3, 0, 0],
							"uv": {
								"north": {"uv": [2, 21], "uv_size": [0.5, 0.5]},
								"east": {"uv": [2, 21], "uv_size": [0.5, 0.5]},
								"south": {"uv": [2, 21], "uv_size": [0.5, 0.5]},
								"west": {"uv": [2, 21], "uv_size": [0.5, 0.5]},
								"up": {"uv": [2.5, 21.5], "uv_size": [-0.5, -0.5]},
								"down": {"uv": [2.5, 21.5], "uv_size": [-0.5, -0.5]}
							}
						},
						{
							"origin": [-3.41359, 2.45844, -2.80018],
							"size": [0.39688, 0.54843, 0.39688],
							"pivot": [-2.49383, 4.61366, -3.11435],
							"rotation": [-3, 0, 0],
							"uv": {
								"north": {"uv": [2, 21], "uv_size": [0.5, 0.5]},
								"east": {"uv": [2, 21], "uv_size": [0.5, 0.5]},
								"south": {"uv": [2, 21], "uv_size": [0.5, 0.5]},
								"west": {"uv": [2, 21], "uv_size": [0.5, 0.5]},
								"up": {"uv": [2.5, 21.5], "uv_size": [-0.5, -0.5]},
								"down": {"uv": [2.5, 21.5], "uv_size": [-0.5, -0.5]}
							}
						},
						{
							"origin": [-3.41359, 2.65857, -2.04733],
							"size": [0.39688, 0.24375, 0.12187],
							"pivot": [-2.49383, 4.61366, -3.11435],
							"rotation": [-25.5, 0, 0],
							"uv": {
								"north": {"uv": [2, 21], "uv_size": [0.5, 0.5]},
								"east": {"uv": [2, 21], "uv_size": [0.5, 0.5]},
								"south": {"uv": [2, 21], "uv_size": [0.5, 0.5]},
								"west": {"uv": [2, 21], "uv_size": [0.5, 0.5]},
								"up": {"uv": [2.5, 21.5], "uv_size": [-0.5, -0.5]},
								"down": {"uv": [2.5, 21.5], "uv_size": [-0.5, -0.5]}
							}
						},
						{
							"origin": [-3.38311, 3.00687, -2.76971],
							"size": [0.33593, 0.36563, 0.33593],
							"pivot": [-2.49383, 4.61366, -3.11435],
							"rotation": [-3, 0, 0],
							"uv": {
								"north": {"uv": [9, 22.5], "uv_size": [0.5, 0.5]},
								"east": {"uv": [9, 22.5], "uv_size": [0.5, 0.5]},
								"south": {"uv": [9, 22.5], "uv_size": [0.5, 0.5]},
								"west": {"uv": [9, 22.5], "uv_size": [0.5, 0.5]},
								"up": {"uv": [9.5, 23], "uv_size": [-0.5, -0.5]},
								"down": {"uv": [9.5, 23], "uv_size": [-0.5, -0.5]}
							}
						},
						{
							"origin": [-3.41359, 2.26623, -3.35606],
							"size": [0.39688, 0.24375, 0.12187],
							"pivot": [-2.49383, 4.61366, -3.11435],
							"rotation": [19.5, 0, 0],
							"uv": {
								"north": {"uv": [2, 21], "uv_size": [0.5, 0.5]},
								"east": {"uv": [2, 21], "uv_size": [0.5, 0.5]},
								"south": {"uv": [2, 21], "uv_size": [0.5, 0.5]},
								"west": {"uv": [2, 21], "uv_size": [0.5, 0.5]},
								"up": {"uv": [2.5, 21.5], "uv_size": [-0.5, -0.5]},
								"down": {"uv": [2.5, 21.5], "uv_size": [-0.5, -0.5]}
							}
						},
						{
							"origin": [-3.35264, 3.3725, -2.73924],
							"size": [0.27499, 0.30469, 0.27499],
							"pivot": [-2.49383, 4.61366, -3.11435],
							"rotation": [-3, 0, 0],
							"uv": {
								"north": {"uv": [9, 22.5], "uv_size": [0.5, 0.5]},
								"east": {"uv": [9, 22.5], "uv_size": [0.5, 0.5]},
								"south": {"uv": [9, 22.5], "uv_size": [0.5, 0.5]},
								"west": {"uv": [9, 22.5], "uv_size": [0.5, 0.5]},
								"up": {"uv": [9.5, 23], "uv_size": [-0.5, -0.5]},
								"down": {"uv": [9.5, 23], "uv_size": [-0.5, -0.5]}
							}
						},
						{
							"origin": [-3.32218, 3.67719, -2.70878],
							"size": [0.21407, 0.1371, 0.21407],
							"pivot": [-2.49383, 4.61366, -3.11435],
							"rotation": [-3, 0, 0],
							"uv": {
								"north": {"uv": [9, 22.5], "uv_size": [0.5, 0.5]},
								"east": {"uv": [9, 22.5], "uv_size": [0.5, 0.5]},
								"south": {"uv": [9, 22.5], "uv_size": [0.5, 0.5]},
								"west": {"uv": [9, 22.5], "uv_size": [0.5, 0.5]},
								"up": {"uv": [9.5, 23], "uv_size": [-0.5, -0.5]},
								"down": {"uv": [9.5, 23], "uv_size": [-0.5, -0.5]}
							}
						},
						{
							"origin": [-3.27648, 3.79907, -2.66307],
							"size": [0.12266, 0.0914, 0.12266],
							"pivot": [-2.49383, 4.61366, -3.11435],
							"rotation": [-3, 0, 0],
							"uv": {
								"north": {"uv": [7, 20.5], "uv_size": [0.5, 0.5]},
								"east": {"uv": [7, 20.5], "uv_size": [0.5, 0.5]},
								"south": {"uv": [7, 20.5], "uv_size": [0.5, 0.5]},
								"west": {"uv": [7, 20.5], "uv_size": [0.5, 0.5]},
								"up": {"uv": [7.5, 21], "uv_size": [-0.5, -0.5]},
								"down": {"uv": [7.5, 21], "uv_size": [-0.5, -0.5]}
							}
						},
						{
							"origin": [-2.56681, 2.18637, -2.80018],
							"size": [0.12187, 0.24375, 0.39688],
							"pivot": [-2.49383, 4.61366, -3.11435],
							"rotation": [-2.77201, 1.1476, 22.47223],
							"uv": {
								"north": {"uv": [2, 21], "uv_size": [0.5, 0.5]},
								"east": {"uv": [2, 21], "uv_size": [0.5, 0.5]},
								"south": {"uv": [2, 21], "uv_size": [0.5, 0.5]},
								"west": {"uv": [2, 21], "uv_size": [0.5, 0.5]},
								"up": {"uv": [2.5, 21.5], "uv_size": [-0.5, -0.5]},
								"down": {"uv": [2.5, 21.5], "uv_size": [-0.5, -0.5]}
							}
						},
						{
							"origin": [-3.87554, 2.73844, -2.80018],
							"size": [0.12187, 0.24375, 0.39688],
							"pivot": [-2.49383, 4.61366, -3.11435],
							"rotation": [-2.77201, -1.1476, -22.47223],
							"uv": {
								"north": {"uv": [2, 21], "uv_size": [0.5, 0.5]},
								"east": {"uv": [2, 21], "uv_size": [0.5, 0.5]},
								"south": {"uv": [2, 21], "uv_size": [0.5, 0.5]},
								"west": {"uv": [2, 21], "uv_size": [0.5, 0.5]},
								"up": {"uv": [2.5, 21.5], "uv_size": [-0.5, -0.5]},
								"down": {"uv": [2.5, 21.5], "uv_size": [-0.5, -0.5]}
							}
						},
						{
							"origin": [-3.51515, 0.00844, -2.90174],
							"size": [0.6, 0.0914, 0.6],
							"pivot": [-2.49383, 4.61366, -3.11435],
							"rotation": [-3, 0, 0],
							"uv": {
								"north": {"uv": [2, 21], "uv_size": [0.5, 0.5]},
								"east": {"uv": [2, 21], "uv_size": [0.5, 0.5]},
								"south": {"uv": [2, 21], "uv_size": [0.5, 0.5]},
								"west": {"uv": [2, 21], "uv_size": [0.5, 0.5]},
								"up": {"uv": [5.5, 24.5], "uv_size": [-0.5, -0.5]},
								"down": {"uv": [2.5, 21.5], "uv_size": [-0.5, -0.5]}
							}
						}
					]
				},
				{
					"name": "positioning",
					"pivot": [-3.025, -8.95, -11.225]
				},
				{
					"name": "ground",
					"parent": "positioning",
					"pivot": [0, 0, 0]
				},
				{
					"name": "fixed",
					"parent": "positioning",
					"pivot": [0, 0, 0],
					"rotation": [-90, 0, 0]
				},
				{
					"name": "thirdperson_hand",
					"parent": "positioning",
					"pivot": [-0.025, 1.55, -0.225],
					"rotation": [0, -90, 0]
				},
				{
					"name": "stripperclip",
					"pivot": [4.78485, 0.34697, 1.49494],
					"rotation": [72.41162, -1.74629, 92.38533]
				},
				{
					"name": "bone6",
					"parent": "stripperclip",
					"pivot": [4.78485, 5.59172, -3.57427],
					"cubes": [
						{
							"origin": [4.40985, 4.93512, -3.37074],
							"size": [0.75, 0.8125, 0.125],
							"uv": {
								"north": {"uv": [2, 20.5], "uv_size": [0.5, 0.5]},
								"east": {"uv": [2, 20.5], "uv_size": [0.5, 0.5]},
								"south": {"uv": [2, 20.5], "uv_size": [0.5, 0.5]},
								"west": {"uv": [2, 20.5], "uv_size": [0.5, 0.5]},
								"up": {"uv": [2.5, 21], "uv_size": [-0.5, -0.5]},
								"down": {"uv": [2.5, 21], "uv_size": [-0.5, -0.5]}
							}
						},
						{
							"origin": [5.09735, 4.92857, -3.49562],
							"size": [0.0625, 0.8125, 0.125],
							"uv": {
								"north": {"uv": [2, 20.5], "uv_size": [0.5, 0.5]},
								"east": {"uv": [2, 20.5], "uv_size": [0.5, 0.5]},
								"south": {"uv": [2, 20.5], "uv_size": [0.5, 0.5]},
								"west": {"uv": [2, 20.5], "uv_size": [0.5, 0.5]},
								"up": {"uv": [2.5, 21], "uv_size": [-0.5, -0.5]},
								"down": {"uv": [2.5, 21], "uv_size": [-0.5, -0.5]}
							}
						},
						{
							"origin": [5.09735, 5.53986, -4.1869],
							"size": [0.0625, 0.5625, 0.825],
							"pivot": [5.50617, 5.39044, -9.13001],
							"rotation": [2, 0, 0],
							"uv": {
								"north": {"uv": [2, 20.5], "uv_size": [0.5, 0.5]},
								"east": {"uv": [2, 20.5], "uv_size": [0.5, 0.5]},
								"south": {"uv": [2, 20.5], "uv_size": [0.5, 0.5]},
								"west": {"uv": [2, 20.5], "uv_size": [0.5, 0.5]},
								"up": {"uv": [2.5, 21], "uv_size": [-0.5, -0.5]},
								"down": {"uv": [2.5, 21], "uv_size": [-0.5, -0.5]}
							}
						},
						{
							"origin": [4.40985, 5.53986, -4.1869],
							"size": [0.0625, 0.5625, 0.825],
							"pivot": [5.50617, 5.39044, -9.13001],
							"rotation": [2, 0, 0],
							"uv": {
								"north": {"uv": [2, 20.5], "uv_size": [0.5, 0.5]},
								"east": {"uv": [2, 20.5], "uv_size": [0.5, 0.5]},
								"south": {"uv": [2, 20.5], "uv_size": [0.5, 0.5]},
								"west": {"uv": [2, 20.5], "uv_size": [0.5, 0.5]},
								"up": {"uv": [2.5, 21], "uv_size": [-0.5, -0.5]},
								"down": {"uv": [2.5, 21], "uv_size": [-0.5, -0.5]}
							}
						},
						{
							"origin": [4.40985, 5.53986, -3.3619],
							"size": [0.75, 0.5625, 0.125],
							"pivot": [5.50617, 5.39044, -9.13001],
							"rotation": [2, 0, 0],
							"uv": {
								"north": {"uv": [2, 20.5], "uv_size": [0.5, 0.5]},
								"east": {"uv": [2, 20.5], "uv_size": [0.5, 0.5]},
								"south": {"uv": [2, 20.5], "uv_size": [0.5, 0.5]},
								"west": {"uv": [2, 20.5], "uv_size": [0.5, 0.5]},
								"up": {"uv": [2.5, 21], "uv_size": [-0.5, -0.5]},
								"down": {"uv": [2.5, 21], "uv_size": [-0.5, -0.5]}
							}
						},
						{
							"origin": [4.40985, 3.93533, -3.3132],
							"size": [0.75, 0.8125, 0.125],
							"pivot": [5.50617, 5.39044, -9.13001],
							"rotation": [-6, 0, 0],
							"uv": {
								"north": {"uv": [2, 20.5], "uv_size": [0.5, 0.5]},
								"east": {"uv": [2, 20.5], "uv_size": [0.5, 0.5]},
								"south": {"uv": [2, 20.5], "uv_size": [0.5, 0.5]},
								"west": {"uv": [2, 20.5], "uv_size": [0.5, 0.5]},
								"up": {"uv": [2.5, 21], "uv_size": [-0.5, -0.5]},
								"down": {"uv": [2.5, 21], "uv_size": [-0.5, -0.5]}
							}
						},
						{
							"origin": [5.09735, 3.90924, -3.43637],
							"size": [0.0625, 0.8125, 0.125],
							"pivot": [5.50617, 5.39044, -9.13001],
							"rotation": [-6, 0, 0],
							"uv": {
								"north": {"uv": [69, 50], "uv_size": [0.25, 0.75]},
								"east": {"uv": [51, 69], "uv_size": [0.25, 0.75]},
								"south": {"uv": [69, 51], "uv_size": [0.25, 0.75]},
								"west": {"uv": [52, 69], "uv_size": [0.25, 0.75]},
								"up": {"uv": [45, 73], "uv_size": [0.25, 0.25]},
								"down": {"uv": [73, 45.25], "uv_size": [0.25, -0.25]}
							}
						},
						{
							"origin": [4.40985, 3.89577, -3.26608],
							"size": [0.75, 0.25, 0.125],
							"pivot": [5.50617, 5.39044, -9.13001],
							"rotation": [-8, 0, 0],
							"uv": {
								"north": {"uv": [2, 20.5], "uv_size": [0.5, 0.5]},
								"east": {"uv": [2, 20.5], "uv_size": [0.5, 0.5]},
								"south": {"uv": [2, 20.5], "uv_size": [0.5, 0.5]},
								"west": {"uv": [2, 20.5], "uv_size": [0.5, 0.5]},
								"up": {"uv": [2.5, 21], "uv_size": [-0.5, -0.5]},
								"down": {"uv": [2.5, 21], "uv_size": [-0.5, -0.5]}
							}
						},
						{
							"origin": [5.09735, 3.89577, -4.09107],
							"size": [0.0625, 0.25, 0.825],
							"pivot": [5.50617, 5.39044, -9.13001],
							"rotation": [-8, 0, 0],
							"uv": {
								"north": {"uv": [2, 20.5], "uv_size": [0.5, 0.5]},
								"east": {"uv": [2, 20.5], "uv_size": [0.5, 0.5]},
								"south": {"uv": [2, 20.5], "uv_size": [0.5, 0.5]},
								"west": {"uv": [2, 20.5], "uv_size": [0.5, 0.5]},
								"up": {"uv": [2.5, 21], "uv_size": [-0.5, -0.5]},
								"down": {"uv": [2.5, 21], "uv_size": [-0.5, -0.5]}
							}
						},
						{
							"origin": [4.40985, 4.43447, -3.35506],
							"size": [0.75, 0.8125, 0.125],
							"pivot": [5.50617, 5.39044, -9.13001],
							"rotation": [-3, 0, 0],
							"uv": {
								"north": {"uv": [2, 20.5], "uv_size": [0.5, 0.5]},
								"east": {"uv": [2, 20.5], "uv_size": [0.5, 0.5]},
								"south": {"uv": [2, 20.5], "uv_size": [0.5, 0.5]},
								"west": {"uv": [2, 20.5], "uv_size": [0.5, 0.5]},
								"up": {"uv": [2.5, 21], "uv_size": [-0.5, -0.5]},
								"down": {"uv": [2.5, 21], "uv_size": [-0.5, -0.5]}
							}
						},
						{
							"origin": [5.09735, 4.41813, -4.17935],
							"size": [0.0625, 0.8125, 0.825],
							"pivot": [5.50617, 5.39044, -9.13001],
							"rotation": [-3, 0, 0],
							"uv": {
								"north": {"uv": [2, 20.5], "uv_size": [0.5, 0.5]},
								"east": {"uv": [2, 20.5], "uv_size": [0.5, 0.5]},
								"south": {"uv": [2, 20.5], "uv_size": [0.5, 0.5]},
								"west": {"uv": [2, 20.5], "uv_size": [0.5, 0.5]},
								"up": {"uv": [2.5, 21], "uv_size": [-0.5, -0.5]},
								"down": {"uv": [2.5, 21], "uv_size": [-0.5, -0.5]}
							}
						},
						{
							"origin": [4.40985, 3.89577, -4.09107],
							"size": [0.0625, 0.25, 0.825],
							"pivot": [5.50617, 5.39044, -9.13001],
							"rotation": [-8, 0, 0],
							"uv": {
								"north": {"uv": [2, 20.5], "uv_size": [0.5, 0.5]},
								"east": {"uv": [2, 20.5], "uv_size": [0.5, 0.5]},
								"south": {"uv": [2, 20.5], "uv_size": [0.5, 0.5]},
								"west": {"uv": [2, 20.5], "uv_size": [0.5, 0.5]},
								"up": {"uv": [2.5, 21], "uv_size": [-0.5, -0.5]},
								"down": {"uv": [2.5, 21], "uv_size": [-0.5, -0.5]}
							}
						},
						{
							"origin": [4.40985, 3.90924, -3.43637],
							"size": [0.0625, 0.8125, 0.125],
							"pivot": [5.50617, 5.39044, -9.13001],
							"rotation": [-6, 0, 0],
							"uv": {
								"north": {"uv": [2, 20.5], "uv_size": [0.5, 0.5]},
								"east": {"uv": [2, 20.5], "uv_size": [0.5, 0.5]},
								"south": {"uv": [2, 20.5], "uv_size": [0.5, 0.5]},
								"west": {"uv": [2, 20.5], "uv_size": [0.5, 0.5]},
								"up": {"uv": [2.5, 21], "uv_size": [-0.5, -0.5]},
								"down": {"uv": [2.5, 21], "uv_size": [-0.5, -0.5]}
							}
						},
						{
							"origin": [4.40985, 4.92857, -4.19562],
							"size": [0.0625, 0.8125, 0.225],
							"uv": {
								"north": {"uv": [2, 20.5], "uv_size": [0.5, 0.5]},
								"east": {"uv": [2, 20.5], "uv_size": [0.5, 0.5]},
								"south": {"uv": [2, 20.5], "uv_size": [0.5, 0.5]},
								"west": {"uv": [2, 20.5], "uv_size": [0.5, 0.5]},
								"up": {"uv": [2.5, 21], "uv_size": [-0.5, -0.5]},
								"down": {"uv": [2.5, 21], "uv_size": [-0.5, -0.5]}
							}
						},
						{
							"origin": [5.09735, 4.92857, -4.19562],
							"size": [0.0625, 0.8125, 0.225],
							"uv": {
								"north": {"uv": [2, 20.5], "uv_size": [0.5, 0.5]},
								"east": {"uv": [2, 20.5], "uv_size": [0.5, 0.5]},
								"south": {"uv": [2, 20.5], "uv_size": [0.5, 0.5]},
								"west": {"uv": [2, 20.5], "uv_size": [0.5, 0.5]},
								"up": {"uv": [2.5, 21], "uv_size": [-0.5, -0.5]},
								"down": {"uv": [2.5, 21], "uv_size": [-0.5, -0.5]}
							}
						},
						{
							"origin": [5.09735, 4.00924, -4.13637],
							"size": [0.0625, 0.8125, 0.225],
							"pivot": [5.50617, 5.39044, -9.83001],
							"rotation": [-6, 0, 0],
							"uv": {
								"north": {"uv": [2, 20.5], "uv_size": [0.5, 0.5]},
								"east": {"uv": [2, 20.5], "uv_size": [0.5, 0.5]},
								"south": {"uv": [2, 20.5], "uv_size": [0.5, 0.5]},
								"west": {"uv": [2, 20.5], "uv_size": [0.5, 0.5]},
								"up": {"uv": [2.5, 21], "uv_size": [-0.5, -0.5]},
								"down": {"uv": [2.5, 21], "uv_size": [-0.5, -0.5]}
							}
						},
						{
							"origin": [4.40985, 4.00924, -4.13637],
							"size": [0.0625, 0.8125, 0.125],
							"pivot": [5.50617, 5.39044, -9.83001],
							"rotation": [-6, 0, 0],
							"uv": {
								"north": {"uv": [2, 20.5], "uv_size": [0.5, 0.5]},
								"east": {"uv": [2, 20.5], "uv_size": [0.5, 0.5]},
								"south": {"uv": [2, 20.5], "uv_size": [0.5, 0.5]},
								"west": {"uv": [2, 20.5], "uv_size": [0.5, 0.5]},
								"up": {"uv": [2.5, 21], "uv_size": [-0.5, -0.5]},
								"down": {"uv": [2.5, 21], "uv_size": [-0.5, -0.5]}
							}
						},
						{
							"origin": [4.40985, 4.41813, -4.17935],
							"size": [0.0625, 0.8125, 0.825],
							"pivot": [5.50617, 5.39044, -9.13001],
							"rotation": [-3, 0, 0],
							"uv": {
								"north": {"uv": [2, 20.5], "uv_size": [0.5, 0.5]},
								"east": {"uv": [2, 20.5], "uv_size": [0.5, 0.5]},
								"south": {"uv": [2, 20.5], "uv_size": [0.5, 0.5]},
								"west": {"uv": [2, 20.5], "uv_size": [0.5, 0.5]},
								"up": {"uv": [2.5, 21], "uv_size": [-0.5, -0.5]},
								"down": {"uv": [2.5, 21], "uv_size": [-0.5, -0.5]}
							}
						},
						{
							"origin": [4.40985, 4.92857, -3.49562],
							"size": [0.0625, 0.8125, 0.125],
							"uv": {
								"north": {"uv": [2, 20.5], "uv_size": [0.5, 0.5]},
								"east": {"uv": [2, 20.5], "uv_size": [0.5, 0.5]},
								"south": {"uv": [2, 20.5], "uv_size": [0.5, 0.5]},
								"west": {"uv": [2, 20.5], "uv_size": [0.5, 0.5]},
								"up": {"uv": [2.5, 21], "uv_size": [-0.5, -0.5]},
								"down": {"uv": [2.5, 21], "uv_size": [-0.5, -0.5]}
							}
						}
					]
				},
				{
					"name": "bullet",
					"parent": "stripperclip",
					"pivot": [4.78485, -12.65303, -24.50506]
				},
				{
					"name": "bullet1",
					"parent": "bullet",
					"pivot": [-1.96515, -6.79381, -4.62271],
					"rotation": [92, 0, 0],
					"cubes": [
						{
							"origin": [4.50985, -8.43934, 8.08964],
							"size": [0.55, 2.30782, 0.55],
							"pivot": [5.50617, -3.91693, 7.85203],
							"rotation": [-3, 0, 0],
							"uv": {
								"north": {"uv": [2, 21], "uv_size": [0.5, 0.5]},
								"east": {"uv": [2, 21], "uv_size": [0.5, 0.5]},
								"south": {"uv": [2, 21], "uv_size": [0.5, 0.5]},
								"west": {"uv": [2, 21], "uv_size": [0.5, 0.5]},
								"up": {"uv": [2.5, 21.5], "uv_size": [-0.5, -0.5]},
								"down": {"uv": [2.5, 21.5], "uv_size": [-0.5, -0.5]}
							}
						},
						{
							"origin": [4.58641, -6.07215, 8.1662],
							"size": [0.39688, 0.54843, 0.39688],
							"pivot": [5.50617, -3.91693, 7.85203],
							"rotation": [-3, 0, 0],
							"uv": {
								"north": {"uv": [2, 21], "uv_size": [0.5, 0.5]},
								"east": {"uv": [2, 21], "uv_size": [0.5, 0.5]},
								"south": {"uv": [2, 21], "uv_size": [0.5, 0.5]},
								"west": {"uv": [2, 21], "uv_size": [0.5, 0.5]},
								"up": {"uv": [2.5, 21.5], "uv_size": [-0.5, -0.5]},
								"down": {"uv": [2.5, 21.5], "uv_size": [-0.5, -0.5]}
							}
						},
						{
							"origin": [4.58641, -5.87202, 8.91905],
							"size": [0.39688, 0.24375, 0.12187],
							"pivot": [5.50617, -3.91693, 7.85203],
							"rotation": [-25.5, 0, 0],
							"uv": {
								"north": {"uv": [2, 21], "uv_size": [0.5, 0.5]},
								"east": {"uv": [2, 21], "uv_size": [0.5, 0.5]},
								"south": {"uv": [2, 21], "uv_size": [0.5, 0.5]},
								"west": {"uv": [2, 21], "uv_size": [0.5, 0.5]},
								"up": {"uv": [2.5, 21.5], "uv_size": [-0.5, -0.5]},
								"down": {"uv": [2.5, 21.5], "uv_size": [-0.5, -0.5]}
							}
						},
						{
							"origin": [4.61689, -5.52372, 8.19667],
							"size": [0.33593, 0.36563, 0.33593],
							"pivot": [5.50617, -3.91693, 7.85203],
							"rotation": [-3, 0, 0],
							"uv": {
								"north": {"uv": [9, 22.5], "uv_size": [0.5, 0.5]},
								"east": {"uv": [9, 22.5], "uv_size": [0.5, 0.5]},
								"south": {"uv": [9, 22.5], "uv_size": [0.5, 0.5]},
								"west": {"uv": [9, 22.5], "uv_size": [0.5, 0.5]},
								"up": {"uv": [9.5, 23], "uv_size": [-0.5, -0.5]},
								"down": {"uv": [9.5, 23], "uv_size": [-0.5, -0.5]}
							}
						},
						{
							"origin": [4.58641, -6.26436, 7.61032],
							"size": [0.39688, 0.24375, 0.12187],
							"pivot": [5.50617, -3.91693, 7.85203],
							"rotation": [19.5, 0, 0],
							"uv": {
								"north": {"uv": [2, 21], "uv_size": [0.5, 0.5]},
								"east": {"uv": [2, 21], "uv_size": [0.5, 0.5]},
								"south": {"uv": [2, 21], "uv_size": [0.5, 0.5]},
								"west": {"uv": [2, 21], "uv_size": [0.5, 0.5]},
								"up": {"uv": [2.5, 21.5], "uv_size": [-0.5, -0.5]},
								"down": {"uv": [2.5, 21.5], "uv_size": [-0.5, -0.5]}
							}
						},
						{
							"origin": [4.64736, -5.15809, 8.22714],
							"size": [0.27499, 0.30469, 0.27499],
							"pivot": [5.50617, -3.91693, 7.85203],
							"rotation": [-3, 0, 0],
							"uv": {
								"north": {"uv": [9, 22.5], "uv_size": [0.5, 0.5]},
								"east": {"uv": [9, 22.5], "uv_size": [0.5, 0.5]},
								"south": {"uv": [9, 22.5], "uv_size": [0.5, 0.5]},
								"west": {"uv": [9, 22.5], "uv_size": [0.5, 0.5]},
								"up": {"uv": [9.5, 23], "uv_size": [-0.5, -0.5]},
								"down": {"uv": [9.5, 23], "uv_size": [-0.5, -0.5]}
							}
						},
						{
							"origin": [4.67782, -4.8534, 8.2576],
							"size": [0.21407, 0.1371, 0.21407],
							"pivot": [5.50617, -3.91693, 7.85203],
							"rotation": [-3, 0, 0],
							"uv": {
								"north": {"uv": [9, 22.5], "uv_size": [0.5, 0.5]},
								"east": {"uv": [9, 22.5], "uv_size": [0.5, 0.5]},
								"south": {"uv": [9, 22.5], "uv_size": [0.5, 0.5]},
								"west": {"uv": [9, 22.5], "uv_size": [0.5, 0.5]},
								"up": {"uv": [9.5, 23], "uv_size": [-0.5, -0.5]},
								"down": {"uv": [9.5, 23], "uv_size": [-0.5, -0.5]}
							}
						},
						{
							"origin": [4.72352, -4.73152, 8.30331],
							"size": [0.12266, 0.0914, 0.12266],
							"pivot": [5.50617, -3.91693, 7.85203],
							"rotation": [-3, 0, 0],
							"uv": {
								"north": {"uv": [7, 20.5], "uv_size": [0.5, 0.5]},
								"east": {"uv": [7, 20.5], "uv_size": [0.5, 0.5]},
								"south": {"uv": [7, 20.5], "uv_size": [0.5, 0.5]},
								"west": {"uv": [7, 20.5], "uv_size": [0.5, 0.5]},
								"up": {"uv": [7.5, 21], "uv_size": [-0.5, -0.5]},
								"down": {"uv": [7.5, 21], "uv_size": [-0.5, -0.5]}
							}
						},
						{
							"origin": [5.43319, -6.34422, 8.1662],
							"size": [0.12187, 0.24375, 0.39688],
							"pivot": [5.50617, -3.91693, 7.85203],
							"rotation": [-2.77201, 1.1476, 22.47223],
							"uv": {
								"north": {"uv": [2, 21], "uv_size": [0.5, 0.5]},
								"east": {"uv": [2, 21], "uv_size": [0.5, 0.5]},
								"south": {"uv": [2, 21], "uv_size": [0.5, 0.5]},
								"west": {"uv": [2, 21], "uv_size": [0.5, 0.5]},
								"up": {"uv": [2.5, 21.5], "uv_size": [-0.5, -0.5]},
								"down": {"uv": [2.5, 21.5], "uv_size": [-0.5, -0.5]}
							}
						},
						{
							"origin": [4.12446, -5.79215, 8.1662],
							"size": [0.12187, 0.24375, 0.39688],
							"pivot": [5.50617, -3.91693, 7.85203],
							"rotation": [-2.77201, -1.1476, -22.47223],
							"uv": {
								"north": {"uv": [2, 21], "uv_size": [0.5, 0.5]},
								"east": {"uv": [2, 21], "uv_size": [0.5, 0.5]},
								"south": {"uv": [2, 21], "uv_size": [0.5, 0.5]},
								"west": {"uv": [2, 21], "uv_size": [0.5, 0.5]},
								"up": {"uv": [2.5, 21.5], "uv_size": [-0.5, -0.5]},
								"down": {"uv": [2.5, 21.5], "uv_size": [-0.5, -0.5]}
							}
						},
						{
							"origin": [4.48485, -8.52215, 8.06464],
							"size": [0.6, 0.0914, 0.6],
							"pivot": [5.50617, -3.91693, 7.85203],
							"rotation": [-3, 0, 0],
							"uv": {
								"north": {"uv": [2, 21], "uv_size": [0.5, 0.5]},
								"east": {"uv": [2, 21], "uv_size": [0.5, 0.5]},
								"south": {"uv": [2, 21], "uv_size": [0.5, 0.5]},
								"west": {"uv": [2, 21], "uv_size": [0.5, 0.5]},
								"up": {"uv": [2.5, 21.5], "uv_size": [-0.5, -0.5]},
								"down": {"uv": [2.5, 21.5], "uv_size": [-0.5, -0.5]}
							}
						}
					]
				},
				{
					"name": "bullet2",
					"parent": "bullet",
					"pivot": [-1.96515, -7.35509, -4.12106],
					"rotation": [91, 0, 0],
					"cubes": [
						{
							"origin": [4.50985, -8.27415, 8.56766],
							"size": [0.55, 2.30782, 0.55],
							"pivot": [5.50617, -3.77083, 8.85526],
							"rotation": [-3, 0, 0],
							"uv": {
								"north": {"uv": [2, 21], "uv_size": [0.5, 0.5]},
								"east": {"uv": [2, 21], "uv_size": [0.5, 0.5]},
								"south": {"uv": [2, 21], "uv_size": [0.5, 0.5]},
								"west": {"uv": [2, 21], "uv_size": [0.5, 0.5]},
								"up": {"uv": [2.5, 21.5], "uv_size": [-0.5, -0.5]},
								"down": {"uv": [2.5, 21.5], "uv_size": [-0.5, -0.5]}
							}
						},
						{
							"origin": [4.58641, -5.90696, 8.64422],
							"size": [0.39688, 0.54843, 0.39688],
							"pivot": [5.50617, -3.77083, 8.85526],
							"rotation": [-3, 0, 0],
							"uv": {
								"north": {"uv": [2, 21], "uv_size": [0.5, 0.5]},
								"east": {"uv": [2, 21], "uv_size": [0.5, 0.5]},
								"south": {"uv": [2, 21], "uv_size": [0.5, 0.5]},
								"west": {"uv": [2, 21], "uv_size": [0.5, 0.5]},
								"up": {"uv": [2.5, 21.5], "uv_size": [-0.5, -0.5]},
								"down": {"uv": [2.5, 21.5], "uv_size": [-0.5, -0.5]}
							}
						},
						{
							"origin": [4.58641, -5.90927, 9.42976],
							"size": [0.39688, 0.24375, 0.12187],
							"pivot": [5.50617, -3.77083, 8.85526],
							"rotation": [-25.5, 0, 0],
							"uv": {
								"north": {"uv": [2, 21], "uv_size": [0.5, 0.5]},
								"east": {"uv": [2, 21], "uv_size": [0.5, 0.5]},
								"south": {"uv": [2, 21], "uv_size": [0.5, 0.5]},
								"west": {"uv": [2, 21], "uv_size": [0.5, 0.5]},
								"up": {"uv": [2.5, 21.5], "uv_size": [-0.5, -0.5]},
								"down": {"uv": [2.5, 21.5], "uv_size": [-0.5, -0.5]}
							}
						},
						{
							"origin": [4.61689, -5.35853, 8.67469],
							"size": [0.33593, 0.36563, 0.33593],
							"pivot": [5.50617, -3.77083, 8.85526],
							"rotation": [-3, 0, 0],
							"uv": {
								"north": {"uv": [9, 22.5], "uv_size": [0.5, 0.5]},
								"east": {"uv": [9, 22.5], "uv_size": [0.5, 0.5]},
								"south": {"uv": [9, 22.5], "uv_size": [0.5, 0.5]},
								"west": {"uv": [9, 22.5], "uv_size": [0.5, 0.5]},
								"up": {"uv": [9.5, 23], "uv_size": [-0.5, -0.5]},
								"down": {"uv": [9.5, 23], "uv_size": [-0.5, -0.5]}
							}
						},
						{
							"origin": [4.58641, -5.89963, 8.13563],
							"size": [0.39688, 0.24375, 0.12187],
							"pivot": [5.50617, -3.77083, 8.85526],
							"rotation": [19.5, 0, 0],
							"uv": {
								"north": {"uv": [2, 21], "uv_size": [0.5, 0.5]},
								"east": {"uv": [2, 21], "uv_size": [0.5, 0.5]},
								"south": {"uv": [2, 21], "uv_size": [0.5, 0.5]},
								"west": {"uv": [2, 21], "uv_size": [0.5, 0.5]},
								"up": {"uv": [2.5, 21.5], "uv_size": [-0.5, -0.5]},
								"down": {"uv": [2.5, 21.5], "uv_size": [-0.5, -0.5]}
							}
						},
						{
							"origin": [4.64736, -4.9929, 8.70516],
							"size": [0.27499, 0.30469, 0.27499],
							"pivot": [5.50617, -3.77083, 8.85526],
							"rotation": [-3, 0, 0],
							"uv": {
								"north": {"uv": [9, 22.5], "uv_size": [0.5, 0.5]},
								"east": {"uv": [9, 22.5], "uv_size": [0.5, 0.5]},
								"south": {"uv": [9, 22.5], "uv_size": [0.5, 0.5]},
								"west": {"uv": [9, 22.5], "uv_size": [0.5, 0.5]},
								"up": {"uv": [9.5, 23], "uv_size": [-0.5, -0.5]},
								"down": {"uv": [9.5, 23], "uv_size": [-0.5, -0.5]}
							}
						},
						{
							"origin": [4.67782, -4.68821, 8.73562],
							"size": [0.21407, 0.1371, 0.21407],
							"pivot": [5.50617, -3.77083, 8.85526],
							"rotation": [-3, 0, 0],
							"uv": {
								"north": {"uv": [9, 22.5], "uv_size": [0.5, 0.5]},
								"east": {"uv": [9, 22.5], "uv_size": [0.5, 0.5]},
								"south": {"uv": [9, 22.5], "uv_size": [0.5, 0.5]},
								"west": {"uv": [9, 22.5], "uv_size": [0.5, 0.5]},
								"up": {"uv": [9.5, 23], "uv_size": [-0.5, -0.5]},
								"down": {"uv": [9.5, 23], "uv_size": [-0.5, -0.5]}
							}
						},
						{
							"origin": [4.72352, -4.56633, 8.78133],
							"size": [0.12266, 0.0914, 0.12266],
							"pivot": [5.50617, -3.77083, 8.85526],
							"rotation": [-3, 0, 0],
							"uv": {
								"north": {"uv": [7, 20.5], "uv_size": [0.5, 0.5]},
								"east": {"uv": [7, 20.5], "uv_size": [0.5, 0.5]},
								"south": {"uv": [7, 20.5], "uv_size": [0.5, 0.5]},
								"west": {"uv": [7, 20.5], "uv_size": [0.5, 0.5]},
								"up": {"uv": [7.5, 21], "uv_size": [-0.5, -0.5]},
								"down": {"uv": [7.5, 21], "uv_size": [-0.5, -0.5]}
							}
						},
						{
							"origin": [5.42589, -6.18049, 8.64422],
							"size": [0.12187, 0.24375, 0.39688],
							"pivot": [5.50617, -3.77083, 8.85526],
							"rotation": [-2.77201, 1.1476, 22.47223],
							"uv": {
								"north": {"uv": [2, 21], "uv_size": [0.5, 0.5]},
								"east": {"uv": [2, 21], "uv_size": [0.5, 0.5]},
								"south": {"uv": [2, 21], "uv_size": [0.5, 0.5]},
								"west": {"uv": [2, 21], "uv_size": [0.5, 0.5]},
								"up": {"uv": [2.5, 21.5], "uv_size": [-0.5, -0.5]},
								"down": {"uv": [2.5, 21.5], "uv_size": [-0.5, -0.5]}
							}
						},
						{
							"origin": [4.13176, -5.62841, 8.64422],
							"size": [0.12187, 0.24375, 0.39688],
							"pivot": [5.50617, -3.77083, 8.85526],
							"rotation": [-2.77201, -1.1476, -22.47223],
							"uv": {
								"north": {"uv": [2, 21], "uv_size": [0.5, 0.5]},
								"east": {"uv": [2, 21], "uv_size": [0.5, 0.5]},
								"south": {"uv": [2, 21], "uv_size": [0.5, 0.5]},
								"west": {"uv": [2, 21], "uv_size": [0.5, 0.5]},
								"up": {"uv": [2.5, 21.5], "uv_size": [-0.5, -0.5]},
								"down": {"uv": [2.5, 21.5], "uv_size": [-0.5, -0.5]}
							}
						},
						{
							"origin": [4.48485, -8.35696, 8.54266],
							"size": [0.6, 0.0914, 0.6],
							"pivot": [5.50617, -3.77083, 8.85526],
							"rotation": [-3, 0, 0],
							"uv": {
								"north": {"uv": [2, 21], "uv_size": [0.5, 0.5]},
								"east": {"uv": [2, 21], "uv_size": [0.5, 0.5]},
								"south": {"uv": [2, 21], "uv_size": [0.5, 0.5]},
								"west": {"uv": [2, 21], "uv_size": [0.5, 0.5]},
								"up": {"uv": [2.5, 21.5], "uv_size": [-0.5, -0.5]},
								"down": {"uv": [2.5, 21.5], "uv_size": [-0.5, -0.5]}
							}
						}
					]
				},
				{
					"name": "bullet3",
					"parent": "bullet",
					"pivot": [-1.96515, -7.93385, -4.11983],
					"rotation": [90, 0, 0],
					"cubes": [
						{
							"origin": [4.50985, -8.62688, 8.54134],
							"size": [0.55, 2.30782, 0.55],
							"pivot": [5.50617, -4.12367, 9.35446],
							"rotation": [-3, 0, 0],
							"uv": {
								"north": {"uv": [2, 21], "uv_size": [0.5, 0.5]},
								"east": {"uv": [2, 21], "uv_size": [0.5, 0.5]},
								"south": {"uv": [2, 21], "uv_size": [0.5, 0.5]},
								"west": {"uv": [2, 21], "uv_size": [0.5, 0.5]},
								"up": {"uv": [2.5, 21.5], "uv_size": [-0.5, -0.5]},
								"down": {"uv": [2.5, 21.5], "uv_size": [-0.5, -0.5]}
							}
						},
						{
							"origin": [4.58641, -6.25969, 8.6179],
							"size": [0.39688, 0.54843, 0.39688],
							"pivot": [5.50617, -4.12367, 9.35446],
							"rotation": [-3, 0, 0],
							"uv": {
								"north": {"uv": [2, 21], "uv_size": [0.5, 0.5]},
								"east": {"uv": [2, 21], "uv_size": [0.5, 0.5]},
								"south": {"uv": [2, 21], "uv_size": [0.5, 0.5]},
								"west": {"uv": [2, 21], "uv_size": [0.5, 0.5]},
								"up": {"uv": [2.5, 21.5], "uv_size": [-0.5, -0.5]},
								"down": {"uv": [2.5, 21.5], "uv_size": [-0.5, -0.5]}
							}
						},
						{
							"origin": [4.58641, -6.46312, 9.44338],
							"size": [0.39688, 0.24375, 0.12187],
							"pivot": [5.50617, -4.12367, 9.35446],
							"rotation": [-25.5, 0, 0],
							"uv": {
								"north": {"uv": [2, 21], "uv_size": [0.5, 0.5]},
								"east": {"uv": [2, 21], "uv_size": [0.5, 0.5]},
								"south": {"uv": [2, 21], "uv_size": [0.5, 0.5]},
								"west": {"uv": [2, 21], "uv_size": [0.5, 0.5]},
								"up": {"uv": [2.5, 21.5], "uv_size": [-0.5, -0.5]},
								"down": {"uv": [2.5, 21.5], "uv_size": [-0.5, -0.5]}
							}
						},
						{
							"origin": [4.61689, -5.71126, 8.64837],
							"size": [0.33593, 0.36563, 0.33593],
							"pivot": [5.50617, -4.12367, 9.35446],
							"rotation": [-3, 0, 0],
							"uv": {
								"north": {"uv": [9, 22.5], "uv_size": [0.5, 0.5]},
								"east": {"uv": [9, 22.5], "uv_size": [0.5, 0.5]},
								"south": {"uv": [9, 22.5], "uv_size": [0.5, 0.5]},
								"west": {"uv": [9, 22.5], "uv_size": [0.5, 0.5]},
								"up": {"uv": [9.5, 23], "uv_size": [-0.5, -0.5]},
								"down": {"uv": [9.5, 23], "uv_size": [-0.5, -0.5]}
							}
						},
						{
							"origin": [4.58641, -6.05126, 8.14934],
							"size": [0.39688, 0.24375, 0.12187],
							"pivot": [5.50617, -4.12367, 9.35446],
							"rotation": [19.5, 0, 0],
							"uv": {
								"north": {"uv": [2, 21], "uv_size": [0.5, 0.5]},
								"east": {"uv": [2, 21], "uv_size": [0.5, 0.5]},
								"south": {"uv": [2, 21], "uv_size": [0.5, 0.5]},
								"west": {"uv": [2, 21], "uv_size": [0.5, 0.5]},
								"up": {"uv": [2.5, 21.5], "uv_size": [-0.5, -0.5]},
								"down": {"uv": [2.5, 21.5], "uv_size": [-0.5, -0.5]}
							}
						},
						{
							"origin": [4.64736, -5.34563, 8.67884],
							"size": [0.27499, 0.30469, 0.27499],
							"pivot": [5.50617, -4.12367, 9.35446],
							"rotation": [-3, 0, 0],
							"uv": {
								"north": {"uv": [9, 22.5], "uv_size": [0.5, 0.5]},
								"east": {"uv": [9, 22.5], "uv_size": [0.5, 0.5]},
								"south": {"uv": [9, 22.5], "uv_size": [0.5, 0.5]},
								"west": {"uv": [9, 22.5], "uv_size": [0.5, 0.5]},
								"up": {"uv": [9.5, 23], "uv_size": [-0.5, -0.5]},
								"down": {"uv": [9.5, 23], "uv_size": [-0.5, -0.5]}
							}
						},
						{
							"origin": [4.67782, -5.04094, 8.7093],
							"size": [0.21407, 0.1371, 0.21407],
							"pivot": [5.50617, -4.12367, 9.35446],
							"rotation": [-3, 0, 0],
							"uv": {
								"north": {"uv": [9, 22.5], "uv_size": [0.5, 0.5]},
								"east": {"uv": [9, 22.5], "uv_size": [0.5, 0.5]},
								"south": {"uv": [9, 22.5], "uv_size": [0.5, 0.5]},
								"west": {"uv": [9, 22.5], "uv_size": [0.5, 0.5]},
								"up": {"uv": [9.5, 23], "uv_size": [-0.5, -0.5]},
								"down": {"uv": [9.5, 23], "uv_size": [-0.5, -0.5]}
							}
						},
						{
							"origin": [4.72352, -4.91906, 8.75501],
							"size": [0.12266, 0.0914, 0.12266],
							"pivot": [5.50617, -4.12367, 9.35446],
							"rotation": [-3, 0, 0],
							"uv": {
								"north": {"uv": [7, 20.5], "uv_size": [0.5, 0.5]},
								"east": {"uv": [7, 20.5], "uv_size": [0.5, 0.5]},
								"south": {"uv": [7, 20.5], "uv_size": [0.5, 0.5]},
								"west": {"uv": [7, 20.5], "uv_size": [0.5, 0.5]},
								"up": {"uv": [7.5, 21], "uv_size": [-0.5, -0.5]},
								"down": {"uv": [7.5, 21], "uv_size": [-0.5, -0.5]}
							}
						},
						{
							"origin": [5.42584, -6.53323, 8.6179],
							"size": [0.12187, 0.24375, 0.39688],
							"pivot": [5.50617, -4.12367, 9.35446],
							"rotation": [-2.77201, 1.1476, 22.47223],
							"uv": {
								"north": {"uv": [2, 21], "uv_size": [0.5, 0.5]},
								"east": {"uv": [2, 21], "uv_size": [0.5, 0.5]},
								"south": {"uv": [2, 21], "uv_size": [0.5, 0.5]},
								"west": {"uv": [2, 21], "uv_size": [0.5, 0.5]},
								"up": {"uv": [2.5, 21.5], "uv_size": [-0.5, -0.5]},
								"down": {"uv": [2.5, 21.5], "uv_size": [-0.5, -0.5]}
							}
						},
						{
							"origin": [4.1318, -5.98116, 8.6179],
							"size": [0.12187, 0.24375, 0.39688],
							"pivot": [5.50617, -4.12367, 9.35446],
							"rotation": [-2.77201, -1.1476, -22.47223],
							"uv": {
								"north": {"uv": [2, 21], "uv_size": [0.5, 0.5]},
								"east": {"uv": [2, 21], "uv_size": [0.5, 0.5]},
								"south": {"uv": [2, 21], "uv_size": [0.5, 0.5]},
								"west": {"uv": [2, 21], "uv_size": [0.5, 0.5]},
								"up": {"uv": [2.5, 21.5], "uv_size": [-0.5, -0.5]},
								"down": {"uv": [2.5, 21.5], "uv_size": [-0.5, -0.5]}
							}
						},
						{
							"origin": [4.48485, -8.70969, 8.51634],
							"size": [0.6, 0.0914, 0.6],
							"pivot": [5.50617, -4.12367, 9.35446],
							"rotation": [-3, 0, 0],
							"uv": {
								"north": {"uv": [2, 21], "uv_size": [0.5, 0.5]},
								"east": {"uv": [2, 21], "uv_size": [0.5, 0.5]},
								"south": {"uv": [2, 21], "uv_size": [0.5, 0.5]},
								"west": {"uv": [2, 21], "uv_size": [0.5, 0.5]},
								"up": {"uv": [2.5, 21.5], "uv_size": [-0.5, -0.5]},
								"down": {"uv": [2.5, 21.5], "uv_size": [-0.5, -0.5]}
							}
						}
					]
				},
				{
					"name": "bullet4",
					"parent": "bullet",
					"pivot": [-1.96515, -8.52514, -4.11844],
					"rotation": [89, 0, 0],
					"cubes": [
						{
							"origin": [4.50985, -8.99266, 8.51122],
							"size": [0.55, 2.30782, 0.55],
							"pivot": [5.50617, -4.46947, 9.9122],
							"rotation": [-3, 0, 0],
							"uv": {
								"north": {"uv": [2, 21], "uv_size": [0.5, 0.5]},
								"east": {"uv": [2, 21], "uv_size": [0.5, 0.5]},
								"south": {"uv": [2, 21], "uv_size": [0.5, 0.5]},
								"west": {"uv": [2, 21], "uv_size": [0.5, 0.5]},
								"up": {"uv": [2.5, 21.5], "uv_size": [-0.5, -0.5]},
								"down": {"uv": [2.5, 21.5], "uv_size": [-0.5, -0.5]}
							}
						},
						{
							"origin": [4.58641, -6.62547, 8.58778],
							"size": [0.39688, 0.54843, 0.39688],
							"pivot": [5.50617, -4.46947, 9.9122],
							"rotation": [-3, 0, 0],
							"uv": {
								"north": {"uv": [2, 21], "uv_size": [0.5, 0.5]},
								"east": {"uv": [2, 21], "uv_size": [0.5, 0.5]},
								"south": {"uv": [2, 21], "uv_size": [0.5, 0.5]},
								"west": {"uv": [2, 21], "uv_size": [0.5, 0.5]},
								"up": {"uv": [2.5, 21.5], "uv_size": [-0.5, -0.5]},
								"down": {"uv": [2.5, 21.5], "uv_size": [-0.5, -0.5]}
							}
						},
						{
							"origin": [4.58641, -7.05234, 9.46565],
							"size": [0.39688, 0.24375, 0.12187],
							"pivot": [5.50617, -4.46947, 9.9122],
							"rotation": [-25.5, 0, 0],
							"uv": {
								"north": {"uv": [2, 21], "uv_size": [0.5, 0.5]},
								"east": {"uv": [2, 21], "uv_size": [0.5, 0.5]},
								"south": {"uv": [2, 21], "uv_size": [0.5, 0.5]},
								"west": {"uv": [2, 21], "uv_size": [0.5, 0.5]},
								"up": {"uv": [2.5, 21.5], "uv_size": [-0.5, -0.5]},
								"down": {"uv": [2.5, 21.5], "uv_size": [-0.5, -0.5]}
							}
						},
						{
							"origin": [4.61689, -6.07704, 8.61825],
							"size": [0.33593, 0.36563, 0.33593],
							"pivot": [5.50617, -4.46947, 9.9122],
							"rotation": [-3, 0, 0],
							"uv": {
								"north": {"uv": [9, 22.5], "uv_size": [0.5, 0.5]},
								"east": {"uv": [9, 22.5], "uv_size": [0.5, 0.5]},
								"south": {"uv": [9, 22.5], "uv_size": [0.5, 0.5]},
								"west": {"uv": [9, 22.5], "uv_size": [0.5, 0.5]},
								"up": {"uv": [9.5, 23], "uv_size": [-0.5, -0.5]},
								"down": {"uv": [9.5, 23], "uv_size": [-0.5, -0.5]}
							}
						},
						{
							"origin": [4.58641, -6.19056, 8.15632],
							"size": [0.39688, 0.24375, 0.12187],
							"pivot": [5.50617, -4.46947, 9.9122],
							"rotation": [19.5, 0, 0],
							"uv": {
								"north": {"uv": [2, 21], "uv_size": [0.5, 0.5]},
								"east": {"uv": [2, 21], "uv_size": [0.5, 0.5]},
								"south": {"uv": [2, 21], "uv_size": [0.5, 0.5]},
								"west": {"uv": [2, 21], "uv_size": [0.5, 0.5]},
								"up": {"uv": [2.5, 21.5], "uv_size": [-0.5, -0.5]},
								"down": {"uv": [2.5, 21.5], "uv_size": [-0.5, -0.5]}
							}
						},
						{
							"origin": [4.64736, -5.71141, 8.64872],
							"size": [0.27499, 0.30469, 0.27499],
							"pivot": [5.50617, -4.46947, 9.9122],
							"rotation": [-3, 0, 0],
							"uv": {
								"north": {"uv": [9, 22.5], "uv_size": [0.5, 0.5]},
								"east": {"uv": [9, 22.5], "uv_size": [0.5, 0.5]},
								"south": {"uv": [9, 22.5], "uv_size": [0.5, 0.5]},
								"west": {"uv": [9, 22.5], "uv_size": [0.5, 0.5]},
								"up": {"uv": [9.5, 23], "uv_size": [-0.5, -0.5]},
								"down": {"uv": [9.5, 23], "uv_size": [-0.5, -0.5]}
							}
						},
						{
							"origin": [4.67782, -5.40672, 8.67918],
							"size": [0.21407, 0.1371, 0.21407],
							"pivot": [5.50617, -4.46947, 9.9122],
							"rotation": [-3, 0, 0],
							"uv": {
								"north": {"uv": [9, 22.5], "uv_size": [0.5, 0.5]},
								"east": {"uv": [9, 22.5], "uv_size": [0.5, 0.5]},
								"south": {"uv": [9, 22.5], "uv_size": [0.5, 0.5]},
								"west": {"uv": [9, 22.5], "uv_size": [0.5, 0.5]},
								"up": {"uv": [9.5, 23], "uv_size": [-0.5, -0.5]},
								"down": {"uv": [9.5, 23], "uv_size": [-0.5, -0.5]}
							}
						},
						{
							"origin": [4.72352, -5.28484, 8.72489],
							"size": [0.12266, 0.0914, 0.12266],
							"pivot": [5.50617, -4.46947, 9.9122],
							"rotation": [-3, 0, 0],
							"uv": {
								"north": {"uv": [7, 20.5], "uv_size": [0.5, 0.5]},
								"east": {"uv": [7, 20.5], "uv_size": [0.5, 0.5]},
								"south": {"uv": [7, 20.5], "uv_size": [0.5, 0.5]},
								"west": {"uv": [7, 20.5], "uv_size": [0.5, 0.5]},
								"up": {"uv": [7.5, 21], "uv_size": [-0.5, -0.5]},
								"down": {"uv": [7.5, 21], "uv_size": [-0.5, -0.5]}
							}
						},
						{
							"origin": [5.43349, -6.89749, 8.58778],
							"size": [0.12187, 0.24375, 0.39688],
							"pivot": [5.50617, -4.46947, 9.9122],
							"rotation": [-2.77201, 1.1476, 22.47223],
							"uv": {
								"north": {"uv": [2, 21], "uv_size": [0.5, 0.5]},
								"east": {"uv": [2, 21], "uv_size": [0.5, 0.5]},
								"south": {"uv": [2, 21], "uv_size": [0.5, 0.5]},
								"west": {"uv": [2, 21], "uv_size": [0.5, 0.5]},
								"up": {"uv": [2.5, 21.5], "uv_size": [-0.5, -0.5]},
								"down": {"uv": [2.5, 21.5], "uv_size": [-0.5, -0.5]}
							}
						},
						{
							"origin": [4.12416, -6.34541, 8.58778],
							"size": [0.12187, 0.24375, 0.39688],
							"pivot": [5.50617, -4.46947, 9.9122],
							"rotation": [-2.77201, -1.1476, -22.47223],
							"uv": {
								"north": {"uv": [2, 21], "uv_size": [0.5, 0.5]},
								"east": {"uv": [2, 21], "uv_size": [0.5, 0.5]},
								"south": {"uv": [2, 21], "uv_size": [0.5, 0.5]},
								"west": {"uv": [2, 21], "uv_size": [0.5, 0.5]},
								"up": {"uv": [2.5, 21.5], "uv_size": [-0.5, -0.5]},
								"down": {"uv": [2.5, 21.5], "uv_size": [-0.5, -0.5]}
							}
						},
						{
							"origin": [4.48485, -9.07547, 8.48622],
							"size": [0.6, 0.0914, 0.6],
							"pivot": [5.50617, -4.46947, 9.9122],
							"rotation": [-3, 0, 0],
							"uv": {
								"north": {"uv": [2, 21], "uv_size": [0.5, 0.5]},
								"east": {"uv": [2, 21], "uv_size": [0.5, 0.5]},
								"south": {"uv": [2, 21], "uv_size": [0.5, 0.5]},
								"west": {"uv": [2, 21], "uv_size": [0.5, 0.5]},
								"up": {"uv": [2.5, 21.5], "uv_size": [-0.5, -0.5]},
								"down": {"uv": [2.5, 21.5], "uv_size": [-0.5, -0.5]}
							}
						}
					]
				},
				{
					"name": "bullet5",
					"parent": "bullet",
					"pivot": [4.78485, 3.71159, -5.81975],
					"rotation": [87, 0, 0],
					"cubes": [
						{
							"origin": [4.50985, 1.34472, -5.97459],
							"size": [0.55, 2.30782, 0.55],
							"pivot": [5.50617, 5.96315, -4.12589],
							"rotation": [-3, 0, 0],
							"uv": {
								"north": {"uv": [2, 21], "uv_size": [0.5, 0.5]},
								"east": {"uv": [2, 21], "uv_size": [0.5, 0.5]},
								"south": {"uv": [2, 21], "uv_size": [0.5, 0.5]},
								"west": {"uv": [2, 21], "uv_size": [0.5, 0.5]},
								"up": {"uv": [2.5, 21.5], "uv_size": [-0.5, -0.5]},
								"down": {"uv": [2.5, 21.5], "uv_size": [-0.5, -0.5]}
							}
						},
						{
							"origin": [4.58641, 3.71191, -5.89803],
							"size": [0.39688, 0.54843, 0.39688],
							"pivot": [5.50617, 5.96315, -4.12589],
							"rotation": [-3, 0, 0],
							"uv": {
								"north": {"uv": [2, 21], "uv_size": [0.5, 0.5]},
								"east": {"uv": [2, 21], "uv_size": [0.5, 0.5]},
								"south": {"uv": [2, 21], "uv_size": [0.5, 0.5]},
								"west": {"uv": [2, 21], "uv_size": [0.5, 0.5]},
								"up": {"uv": [2.5, 21.5], "uv_size": [-0.5, -0.5]},
								"down": {"uv": [2.5, 21.5], "uv_size": [-0.5, -0.5]}
							}
						},
						{
							"origin": [4.58641, 3.12095, -4.94961],
							"size": [0.39688, 0.24375, 0.12187],
							"pivot": [5.50617, 5.96315, -4.12589],
							"rotation": [-25.5, 0, 0],
							"uv": {
								"north": {"uv": [2, 21], "uv_size": [0.5, 0.5]},
								"east": {"uv": [2, 21], "uv_size": [0.5, 0.5]},
								"south": {"uv": [2, 21], "uv_size": [0.5, 0.5]},
								"west": {"uv": [2, 21], "uv_size": [0.5, 0.5]},
								"up": {"uv": [2.5, 21.5], "uv_size": [-0.5, -0.5]},
								"down": {"uv": [2.5, 21.5], "uv_size": [-0.5, -0.5]}
							}
						},
						{
							"origin": [4.61689, 4.26034, -5.86756],
							"size": [0.33593, 0.36563, 0.33593],
							"pivot": [5.50617, 5.96315, -4.12589],
							"rotation": [-3, 0, 0],
							"uv": {
								"north": {"uv": [9, 22.5], "uv_size": [0.5, 0.5]},
								"east": {"uv": [9, 22.5], "uv_size": [0.5, 0.5]},
								"south": {"uv": [9, 22.5], "uv_size": [0.5, 0.5]},
								"west": {"uv": [9, 22.5], "uv_size": [0.5, 0.5]},
								"up": {"uv": [9.5, 23], "uv_size": [-0.5, -0.5]},
								"down": {"uv": [9.5, 23], "uv_size": [-0.5, -0.5]}
							}
						},
						{
							"origin": [4.58641, 4.3254, -6.33184],
							"size": [0.39688, 0.24375, 0.12187],
							"pivot": [5.50617, 5.96315, -4.12589],
							"rotation": [19.5, 0, 0],
							"uv": {
								"north": {"uv": [2, 21], "uv_size": [0.5, 0.5]},
								"east": {"uv": [2, 21], "uv_size": [0.5, 0.5]},
								"south": {"uv": [2, 21], "uv_size": [0.5, 0.5]},
								"west": {"uv": [2, 21], "uv_size": [0.5, 0.5]},
								"up": {"uv": [2.5, 21.5], "uv_size": [-0.5, -0.5]},
								"down": {"uv": [2.5, 21.5], "uv_size": [-0.5, -0.5]}
							}
						},
						{
							"origin": [4.64736, 4.62597, -5.83709],
							"size": [0.27499, 0.30469, 0.27499],
							"pivot": [5.50617, 5.96315, -4.12589],
							"rotation": [-3, 0, 0],
							"uv": {
								"north": {"uv": [9, 22.5], "uv_size": [0.5, 0.5]},
								"east": {"uv": [9, 22.5], "uv_size": [0.5, 0.5]},
								"south": {"uv": [9, 22.5], "uv_size": [0.5, 0.5]},
								"west": {"uv": [9, 22.5], "uv_size": [0.5, 0.5]},
								"up": {"uv": [9.5, 23], "uv_size": [-0.5, -0.5]},
								"down": {"uv": [9.5, 23], "uv_size": [-0.5, -0.5]}
							}
						},
						{
							"origin": [4.67782, 4.93066, -5.80663],
							"size": [0.21407, 0.1371, 0.21407],
							"pivot": [5.50617, 5.96315, -4.12589],
							"rotation": [-3, 0, 0],
							"uv": {
								"north": {"uv": [9, 22.5], "uv_size": [0.5, 0.5]},
								"east": {"uv": [9, 22.5], "uv_size": [0.5, 0.5]},
								"south": {"uv": [9, 22.5], "uv_size": [0.5, 0.5]},
								"west": {"uv": [9, 22.5], "uv_size": [0.5, 0.5]},
								"up": {"uv": [9.5, 23], "uv_size": [-0.5, -0.5]},
								"down": {"uv": [9.5, 23], "uv_size": [-0.5, -0.5]}
							}
						},
						{
							"origin": [4.72352, 5.05254, -5.76092],
							"size": [0.12266, 0.0914, 0.12266],
							"pivot": [5.50617, 5.96315, -4.12589],
							"rotation": [-3, 0, 0],
							"uv": {
								"north": {"uv": [7, 20.5], "uv_size": [0.5, 0.5]},
								"east": {"uv": [7, 20.5], "uv_size": [0.5, 0.5]},
								"south": {"uv": [7, 20.5], "uv_size": [0.5, 0.5]},
								"west": {"uv": [7, 20.5], "uv_size": [0.5, 0.5]},
								"up": {"uv": [7.5, 21], "uv_size": [-0.5, -0.5]},
								"down": {"uv": [7.5, 21], "uv_size": [-0.5, -0.5]}
							}
						},
						{
							"origin": [5.46994, 3.44714, -5.89803],
							"size": [0.12187, 0.24375, 0.39688],
							"pivot": [5.50617, 5.96315, -4.12589],
							"rotation": [-2.77201, 1.1476, 22.47223],
							"uv": {
								"north": {"uv": [2, 21], "uv_size": [0.5, 0.5]},
								"east": {"uv": [2, 21], "uv_size": [0.5, 0.5]},
								"south": {"uv": [2, 21], "uv_size": [0.5, 0.5]},
								"west": {"uv": [2, 21], "uv_size": [0.5, 0.5]},
								"up": {"uv": [2.5, 21.5], "uv_size": [-0.5, -0.5]},
								"down": {"uv": [2.5, 21.5], "uv_size": [-0.5, -0.5]}
							}
						},
						{
							"origin": [4.08771, 3.99921, -5.89803],
							"size": [0.12187, 0.24375, 0.39688],
							"pivot": [5.50617, 5.96315, -4.12589],
							"rotation": [-2.77201, -1.1476, -22.47223],
							"uv": {
								"north": {"uv": [2, 21], "uv_size": [0.5, 0.5]},
								"east": {"uv": [2, 21], "uv_size": [0.5, 0.5]},
								"south": {"uv": [2, 21], "uv_size": [0.5, 0.5]},
								"west": {"uv": [2, 21], "uv_size": [0.5, 0.5]},
								"up": {"uv": [2.5, 21.5], "uv_size": [-0.5, -0.5]},
								"down": {"uv": [2.5, 21.5], "uv_size": [-0.5, -0.5]}
							}
						},
						{
							"origin": [4.48485, 1.26191, -5.99959],
							"size": [0.6, 0.0914, 0.6],
							"pivot": [5.50617, 5.96315, -4.12589],
							"rotation": [-3, 0, 0],
							"uv": {
								"north": {"uv": [2, 21], "uv_size": [0.5, 0.5]},
								"east": {"uv": [2, 21], "uv_size": [0.5, 0.5]},
								"south": {"uv": [2, 21], "uv_size": [0.5, 0.5]},
								"west": {"uv": [2, 21], "uv_size": [0.5, 0.5]},
								"up": {"uv": [2.5, 21.5], "uv_size": [-0.5, -0.5]},
								"down": {"uv": [2.5, 21.5], "uv_size": [-0.5, -0.5]}
							}
						}
					]
				}
			]
		}
	]
}