{
	"format_version": "1.12.0",
	"minecraft:geometry": [
		{
			"description": {
				"identifier": "geometry.unknown",
				"texture_width": 32,
				"texture_height": 32,
				"visible_bounds_width": 2,
				"visible_bounds_height": 2.5,
				"visible_bounds_offset": [0, 0.75, 0]
			},
			"bones": [
				{
					"name": "root",
					"pivot": [0, 0, 0]
				},
				{
					"name": "bullets",
					"parent": "root",
					"pivot": [0, 0, 0]
				},
				{
					"name": "box",
					"parent": "root",
					"pivot": [5.84776, 1.5, 4.76537],
					"cubes": [
						{
							"origin": [-5, 0, -2],
							"size": [8, 8, 5],
							"uv": {
								"north": {"uv": [0, 0], "uv_size": [8, 8]},
								"east": {"uv": [8, 0], "uv_size": [5, 8]},
								"south": {"uv": [0, 8], "uv_size": [8, 8]},
								"west": {"uv": [8, 8], "uv_size": [5, 8]},
								"up": {"uv": [13, 0], "uv_size": [8, 5]},
								"down": {"uv": [13, 10], "uv_size": [8, -5]}
							}
						}
					]
				},
				{
					"name": "bone6",
					"parent": "box",
					"pivot": [2.08274, 0.86491, -5.27934],
					"rotation": [-63.39172, 34.49289, -4.04719],
					"cubes": [
						{
							"origin": [1.70774, 1.23347, -5.20692],
							"size": [0.75, 0.8125, 0.125],
							"uv": {
								"north": {"uv": [14, 16], "uv_size": [0.75, 0.75]},
								"east": {"uv": [4, 20], "uv_size": [0.25, 0.75]},
								"south": {"uv": [15, 16], "uv_size": [0.75, 0.75]},
								"west": {"uv": [5, 20], "uv_size": [0.25, 0.75]},
								"up": {"uv": [6, 20], "uv_size": [0.75, 0.25]},
								"down": {"uv": [7, 20.25], "uv_size": [0.75, -0.25]}
							}
						},
						{
							"origin": [2.39524, 1.22692, -5.3318],
							"size": [0.0625, 0.8125, 0.125],
							"uv": {
								"north": {"uv": [8, 20], "uv_size": [0.25, 0.75]},
								"east": {"uv": [9, 20], "uv_size": [0.25, 0.75]},
								"south": {"uv": [10, 20], "uv_size": [0.25, 0.75]},
								"west": {"uv": [20, 10], "uv_size": [0.25, 0.75]},
								"up": {"uv": [1, 24], "uv_size": [0.25, 0.25]},
								"down": {"uv": [24, 1.25], "uv_size": [0.25, -0.25]}
							}
						},
						{
							"origin": [2.39524, 1.83821, -5.32308],
							"size": [0.0625, 0.5625, 0.125],
							"pivot": [2.80406, 1.68879, -10.96619],
							"rotation": [2, 0, 0],
							"uv": {
								"north": {"uv": [14, 22], "uv_size": [0.25, 0.5]},
								"east": {"uv": [22, 14], "uv_size": [0.25, 0.5]},
								"south": {"uv": [15, 22], "uv_size": [0.25, 0.5]},
								"west": {"uv": [22, 15], "uv_size": [0.25, 0.5]},
								"up": {"uv": [2, 24], "uv_size": [0.25, 0.25]},
								"down": {"uv": [24, 2.25], "uv_size": [0.25, -0.25]}
							}
						},
						{
							"origin": [1.70774, 1.83821, -5.32308],
							"size": [0.0625, 0.5625, 0.125],
							"pivot": [2.80406, 1.68879, -10.96619],
							"rotation": [2, 0, 0],
							"uv": {
								"north": {"uv": [16, 22], "uv_size": [0.25, 0.5]},
								"east": {"uv": [22, 16], "uv_size": [0.25, 0.5]},
								"south": {"uv": [17, 22], "uv_size": [0.25, 0.5]},
								"west": {"uv": [22, 17], "uv_size": [0.25, 0.5]},
								"up": {"uv": [3, 24], "uv_size": [0.25, 0.25]},
								"down": {"uv": [24, 3.25], "uv_size": [0.25, -0.25]}
							}
						},
						{
							"origin": [1.70774, 1.83821, -5.19808],
							"size": [0.75, 0.5625, 0.125],
							"pivot": [2.80406, 1.68879, -10.96619],
							"rotation": [2, 0, 0],
							"uv": {
								"north": {"uv": [18, 10], "uv_size": [0.75, 0.5]},
								"east": {"uv": [18, 22], "uv_size": [0.25, 0.5]},
								"south": {"uv": [18, 11], "uv_size": [0.75, 0.5]},
								"west": {"uv": [22, 18], "uv_size": [0.25, 0.5]},
								"up": {"uv": [11, 20], "uv_size": [0.75, 0.25]},
								"down": {"uv": [20, 11.25], "uv_size": [0.75, -0.25]}
							}
						},
						{
							"origin": [1.70774, 0.23368, -5.14938],
							"size": [0.75, 0.8125, 0.125],
							"pivot": [2.80406, 1.68879, -10.96619],
							"rotation": [-6, 0, 0],
							"uv": {
								"north": {"uv": [16, 16], "uv_size": [0.75, 0.75]},
								"east": {"uv": [12, 20], "uv_size": [0.25, 0.75]},
								"south": {"uv": [17, 10], "uv_size": [0.75, 0.75]},
								"west": {"uv": [20, 12], "uv_size": [0.25, 0.75]},
								"up": {"uv": [13, 20], "uv_size": [0.75, 0.25]},
								"down": {"uv": [20, 13.25], "uv_size": [0.75, -0.25]}
							}
						},
						{
							"origin": [2.39524, 0.20759, -5.27255],
							"size": [0.0625, 0.8125, 0.125],
							"pivot": [2.80406, 1.68879, -10.96619],
							"rotation": [-6, 0, 0],
							"uv": {
								"north": {"uv": [14, 20], "uv_size": [0.25, 0.75]},
								"east": {"uv": [20, 14], "uv_size": [0.25, 0.75]},
								"south": {"uv": [15, 20], "uv_size": [0.25, 0.75]},
								"west": {"uv": [20, 15], "uv_size": [0.25, 0.75]},
								"up": {"uv": [4, 24], "uv_size": [0.25, 0.25]},
								"down": {"uv": [24, 4.25], "uv_size": [0.25, -0.25]}
							}
						},
						{
							"origin": [1.70774, 0.19412, -5.10226],
							"size": [0.75, 0.25, 0.125],
							"pivot": [2.80406, 1.68879, -10.96619],
							"rotation": [-8, 0, 0],
							"uv": {
								"north": {"uv": [16, 20], "uv_size": [0.75, 0.25]},
								"east": {"uv": [5, 24], "uv_size": [0.25, 0.25]},
								"south": {"uv": [20, 16], "uv_size": [0.75, 0.25]},
								"west": {"uv": [24, 5], "uv_size": [0.25, 0.25]},
								"up": {"uv": [17, 20], "uv_size": [0.75, 0.25]},
								"down": {"uv": [20, 17.25], "uv_size": [0.75, -0.25]}
							}
						},
						{
							"origin": [2.39524, 0.19412, -5.22725],
							"size": [0.0625, 0.25, 0.125],
							"pivot": [2.80406, 1.68879, -10.96619],
							"rotation": [-8, 0, 0],
							"uv": {
								"north": {"uv": [6, 24], "uv_size": [0.25, 0.25]},
								"east": {"uv": [24, 6], "uv_size": [0.25, 0.25]},
								"south": {"uv": [7, 24], "uv_size": [0.25, 0.25]},
								"west": {"uv": [24, 7], "uv_size": [0.25, 0.25]},
								"up": {"uv": [8, 24], "uv_size": [0.25, 0.25]},
								"down": {"uv": [24, 8.25], "uv_size": [0.25, -0.25]}
							}
						},
						{
							"origin": [1.70774, 0.73282, -5.19124],
							"size": [0.75, 0.8125, 0.125],
							"pivot": [2.80406, 1.68879, -10.96619],
							"rotation": [-3, 0, 0],
							"uv": {
								"north": {"uv": [17, 11], "uv_size": [0.75, 0.75]},
								"east": {"uv": [18, 20], "uv_size": [0.25, 0.75]},
								"south": {"uv": [17, 12], "uv_size": [0.75, 0.75]},
								"west": {"uv": [20, 18], "uv_size": [0.25, 0.75]},
								"up": {"uv": [19, 20], "uv_size": [0.75, 0.25]},
								"down": {"uv": [20, 19.25], "uv_size": [0.75, -0.25]}
							}
						},
						{
							"origin": [2.39524, 0.71648, -5.31553],
							"size": [0.0625, 0.8125, 0.125],
							"pivot": [2.80406, 1.68879, -10.96619],
							"rotation": [-3, 0, 0],
							"uv": {
								"north": {"uv": [20, 20], "uv_size": [0.25, 0.75]},
								"east": {"uv": [0, 21], "uv_size": [0.25, 0.75]},
								"south": {"uv": [21, 0], "uv_size": [0.25, 0.75]},
								"west": {"uv": [1, 21], "uv_size": [0.25, 0.75]},
								"up": {"uv": [9, 24], "uv_size": [0.25, 0.25]},
								"down": {"uv": [24, 9.25], "uv_size": [0.25, -0.25]}
							}
						},
						{
							"origin": [1.70774, 0.19412, -5.22725],
							"size": [0.0625, 0.25, 0.125],
							"pivot": [2.80406, 1.68879, -10.96619],
							"rotation": [-8, 0, 0],
							"uv": {
								"north": {"uv": [10, 24], "uv_size": [0.25, 0.25]},
								"east": {"uv": [24, 10], "uv_size": [0.25, 0.25]},
								"south": {"uv": [11, 24], "uv_size": [0.25, 0.25]},
								"west": {"uv": [24, 11], "uv_size": [0.25, 0.25]},
								"up": {"uv": [12, 24], "uv_size": [0.25, 0.25]},
								"down": {"uv": [24, 12.25], "uv_size": [0.25, -0.25]}
							}
						},
						{
							"origin": [1.70774, 0.20759, -5.27255],
							"size": [0.0625, 0.8125, 0.125],
							"pivot": [2.80406, 1.68879, -10.96619],
							"rotation": [-6, 0, 0],
							"uv": {
								"north": {"uv": [21, 1], "uv_size": [0.25, 0.75]},
								"east": {"uv": [2, 21], "uv_size": [0.25, 0.75]},
								"south": {"uv": [21, 2], "uv_size": [0.25, 0.75]},
								"west": {"uv": [3, 21], "uv_size": [0.25, 0.75]},
								"up": {"uv": [13, 24], "uv_size": [0.25, 0.25]},
								"down": {"uv": [24, 13.25], "uv_size": [0.25, -0.25]}
							}
						},
						{
							"origin": [1.70774, 0.71648, -5.31553],
							"size": [0.0625, 0.8125, 0.125],
							"pivot": [2.80406, 1.68879, -10.96619],
							"rotation": [-3, 0, 0],
							"uv": {
								"north": {"uv": [21, 3], "uv_size": [0.25, 0.75]},
								"east": {"uv": [4, 21], "uv_size": [0.25, 0.75]},
								"south": {"uv": [21, 4], "uv_size": [0.25, 0.75]},
								"west": {"uv": [5, 21], "uv_size": [0.25, 0.75]},
								"up": {"uv": [14, 24], "uv_size": [0.25, 0.25]},
								"down": {"uv": [24, 14.25], "uv_size": [0.25, -0.25]}
							}
						},
						{
							"origin": [1.70774, 1.22692, -5.3318],
							"size": [0.0625, 0.8125, 0.125],
							"uv": {
								"north": {"uv": [21, 5], "uv_size": [0.25, 0.75]},
								"east": {"uv": [6, 21], "uv_size": [0.25, 0.75]},
								"south": {"uv": [21, 6], "uv_size": [0.25, 0.75]},
								"west": {"uv": [7, 21], "uv_size": [0.25, 0.75]},
								"up": {"uv": [15, 24], "uv_size": [0.25, 0.25]},
								"down": {"uv": [24, 15.25], "uv_size": [0.25, -0.25]}
							}
						}
					]
				},
				{
					"name": "magazine",
					"parent": "box",
					"pivot": [0, 11.61835, -2.90278]
				},
				{
					"name": "bone2",
					"parent": "magazine",
					"pivot": [2, 0.64475, -2.76921],
					"rotation": [-45, 0, -90],
					"cubes": [
						{
							"origin": [1.375, -1.41185, -2.56568],
							"size": [1.25, 2.8125, 0.125],
							"uv": {
								"north": {"uv": [13, 10], "uv_size": [1.25, 2.75]},
								"east": {"uv": [10, 16], "uv_size": [0.25, 2.75]},
								"south": {"uv": [13, 13], "uv_size": [1.25, 2.75]},
								"west": {"uv": [16, 10], "uv_size": [0.25, 2.75]},
								"up": {"uv": [18, 12], "uv_size": [1.25, 0.25]},
								"down": {"uv": [18, 13.25], "uv_size": [1.25, -0.25]}
							}
						},
						{
							"origin": [2.5625, -1.3934, -3.44056],
							"size": [0.0625, 2.8125, 0.875],
							"uv": {
								"north": {"uv": [11, 16], "uv_size": [0.25, 2.75]},
								"east": {"uv": [15, 10], "uv_size": [1, 2.75]},
								"south": {"uv": [12, 16], "uv_size": [0.25, 2.75]},
								"west": {"uv": [15, 13], "uv_size": [1, 2.75]},
								"up": {"uv": [14, 18], "uv_size": [0.25, 1]},
								"down": {"uv": [18, 15], "uv_size": [0.25, -1]}
							}
						},
						{
							"origin": [3.48796, -1.11076, -3.44056],
							"size": [0.0625, 0.4125, 0.875],
							"pivot": [2.24862, 0.0713, -2.75312],
							"rotation": [0, 0, 45],
							"uv": {
								"north": {"uv": [21, 7], "uv_size": [0.25, 0.5]},
								"east": {"uv": [17, 13], "uv_size": [1, 0.5]},
								"south": {"uv": [8, 21], "uv_size": [0.25, 0.5]},
								"west": {"uv": [14, 17], "uv_size": [1, 0.5]},
								"up": {"uv": [15, 18], "uv_size": [0.25, 1]},
								"down": {"uv": [18, 16], "uv_size": [0.25, -1]}
							}
						},
						{
							"origin": [2.03439, -1.57971, -2.56568],
							"size": [0.5625, 0.4125, 0.125],
							"pivot": [2.31564, -1.32346, -2.50318],
							"rotation": [0, 0, 45],
							"uv": {
								"north": {"uv": [16, 18], "uv_size": [0.5, 0.5]},
								"east": {"uv": [21, 8], "uv_size": [0.25, 0.5]},
								"south": {"uv": [18, 16], "uv_size": [0.5, 0.5]},
								"west": {"uv": [9, 21], "uv_size": [0.25, 0.5]},
								"up": {"uv": [21, 9], "uv_size": [0.5, 0.25]},
								"down": {"uv": [10, 21.25], "uv_size": [0.5, -0.25]}
							}
						},
						{
							"origin": [0.46569, 0.29504, -3.44056],
							"size": [0.0625, 0.4125, 0.875],
							"pivot": [2, -0.01631, -2.75312],
							"rotation": [0, 0, 55],
							"uv": {
								"north": {"uv": [21, 10], "uv_size": [0.25, 0.5]},
								"east": {"uv": [17, 14], "uv_size": [1, 0.5]},
								"south": {"uv": [11, 21], "uv_size": [0.25, 0.5]},
								"west": {"uv": [15, 17], "uv_size": [1, 0.5]},
								"up": {"uv": [17, 18], "uv_size": [0.25, 1]},
								"down": {"uv": [18, 18], "uv_size": [0.25, -1]}
							}
						},
						{
							"origin": [3.47181, 0.29504, -3.44056],
							"size": [0.0625, 0.4125, 0.875],
							"pivot": [2, -0.01631, -2.75312],
							"rotation": [0, 0, -55],
							"uv": {
								"north": {"uv": [21, 11], "uv_size": [0.25, 0.5]},
								"east": {"uv": [17, 15], "uv_size": [1, 0.5]},
								"south": {"uv": [12, 21], "uv_size": [0.25, 0.5]},
								"west": {"uv": [16, 17], "uv_size": [1, 0.5]},
								"up": {"uv": [18, 18], "uv_size": [0.25, 1]},
								"down": {"uv": [0, 20], "uv_size": [0.25, -1]}
							}
						},
						{
							"origin": [1.375, -1.3934, -3.44056],
							"size": [0.0625, 2.8125, 0.875],
							"uv": {
								"north": {"uv": [13, 16], "uv_size": [0.25, 2.75]},
								"east": {"uv": [0, 16], "uv_size": [1, 2.75]},
								"south": {"uv": [16, 13], "uv_size": [0.25, 2.75]},
								"west": {"uv": [1, 16], "uv_size": [1, 2.75]},
								"up": {"uv": [1, 19], "uv_size": [0.25, 1]},
								"down": {"uv": [2, 20], "uv_size": [0.25, -1]}
							}
						},
						{
							"origin": [0.44954, -1.11076, -3.44056],
							"size": [0.0625, 0.4125, 0.875],
							"pivot": [1.75138, 0.0713, -2.75312],
							"rotation": [0, 0, -45],
							"uv": {
								"north": {"uv": [21, 12], "uv_size": [0.25, 0.5]},
								"east": {"uv": [17, 16], "uv_size": [1, 0.5]},
								"south": {"uv": [13, 21], "uv_size": [0.25, 0.5]},
								"west": {"uv": [17, 17], "uv_size": [1, 0.5]},
								"up": {"uv": [3, 19], "uv_size": [0.25, 1]},
								"down": {"uv": [4, 20], "uv_size": [0.25, -1]}
							}
						},
						{
							"origin": [1.40311, -1.57971, -2.56568],
							"size": [0.5625, 0.4125, 0.125],
							"pivot": [1.68436, -1.32346, -2.50318],
							"rotation": [0, 0, -45],
							"uv": {
								"north": {"uv": [5, 19], "uv_size": [0.5, 0.5]},
								"east": {"uv": [21, 13], "uv_size": [0.25, 0.5]},
								"south": {"uv": [6, 19], "uv_size": [0.5, 0.5]},
								"west": {"uv": [14, 21], "uv_size": [0.25, 0.5]},
								"up": {"uv": [21, 14], "uv_size": [0.5, 0.25]},
								"down": {"uv": [15, 21.25], "uv_size": [0.5, -0.25]}
							}
						},
						{
							"origin": [0.68758, 1.59902, -2.56568],
							"size": [0.4625, 0.4125, 0.125],
							"pivot": [2, 2.79619, -2.75312],
							"rotation": [0, 0, -35],
							"uv": {
								"north": {"uv": [7, 19], "uv_size": [0.5, 0.5]},
								"east": {"uv": [21, 15], "uv_size": [0.25, 0.5]},
								"south": {"uv": [8, 19], "uv_size": [0.5, 0.5]},
								"west": {"uv": [16, 21], "uv_size": [0.25, 0.5]},
								"up": {"uv": [21, 16], "uv_size": [0.5, 0.25]},
								"down": {"uv": [17, 21.25], "uv_size": [0.5, -0.25]}
							}
						},
						{
							"origin": [2.84992, 1.59902, -2.56568],
							"size": [0.4625, 0.4125, 0.125],
							"pivot": [2, 2.79619, -2.75312],
							"rotation": [0, 0, 35],
							"uv": {
								"north": {"uv": [9, 19], "uv_size": [0.5, 0.5]},
								"east": {"uv": [21, 17], "uv_size": [0.25, 0.5]},
								"south": {"uv": [10, 19], "uv_size": [0.5, 0.5]},
								"west": {"uv": [18, 21], "uv_size": [0.25, 0.5]},
								"up": {"uv": [21, 18], "uv_size": [0.5, 0.25]},
								"down": {"uv": [19, 21.25], "uv_size": [0.5, -0.25]}
							}
						}
					]
				},
				{
					"name": "bullet7",
					"parent": "magazine",
					"pivot": [-3.3, 11.625, -4.4125],
					"rotation": [2, 0, 0]
				},
				{
					"name": "bullet2",
					"parent": "bullet7",
					"pivot": [-0.7, 0.27257, -4.49287],
					"rotation": [142.5, 0, -90],
					"cubes": [
						{
							"origin": [-0.975, -2.22074, -4.65208],
							"size": [0.55, 2.45782, 0.55],
							"pivot": [-2.97868, 2.45245, -3.2511],
							"rotation": [-3, 0, 0],
							"uv": {
								"north": {"uv": [6, 16], "uv_size": [0.5, 2.5]},
								"east": {"uv": [7, 16], "uv_size": [0.5, 2.5]},
								"south": {"uv": [8, 16], "uv_size": [0.5, 2.5]},
								"west": {"uv": [9, 16], "uv_size": [0.5, 2.5]},
								"up": {"uv": [19, 16], "uv_size": [0.5, 0.5]},
								"down": {"uv": [17, 19.5], "uv_size": [0.5, -0.5]}
							}
						},
						{
							"origin": [-0.975, -2.40355, -4.65208],
							"size": [0.55, 0.0914, 0.55],
							"pivot": [-2.97868, 2.20245, -3.2511],
							"rotation": [-3, 0, 0],
							"uv": {
								"north": {"uv": [0, 22], "uv_size": [0.5, 0.25]},
								"east": {"uv": [22, 0], "uv_size": [0.5, 0.25]},
								"south": {"uv": [1, 22], "uv_size": [0.5, 0.25]},
								"west": {"uv": [22, 1], "uv_size": [0.5, 0.25]},
								"up": {"uv": [19, 11], "uv_size": [0.5, 0.5]},
								"down": {"uv": [12, 19.5], "uv_size": [0.5, -0.5]}
							}
						},
						{
							"origin": [-0.91407, -2.34262, -4.59114],
							"size": [0.42813, 0.12188, 0.42813],
							"pivot": [-2.97868, 2.20245, -3.2511],
							"rotation": [-3, 0, 0],
							"uv": {
								"north": {"uv": [21, 19], "uv_size": [0.5, 0.25]},
								"east": {"uv": [20, 21], "uv_size": [0.5, 0.25]},
								"south": {"uv": [21, 20], "uv_size": [0.5, 0.25]},
								"west": {"uv": [21, 21], "uv_size": [0.5, 0.25]}
							}
						},
						{
							"origin": [-0.89844, -0.13042, -3.69765],
							"size": [0.39688, 0.24375, 0.12187],
							"pivot": [-2.97868, 2.45245, -3.2511],
							"rotation": [-25.5, 0, 0],
							"uv": {
								"north": {"uv": [5, 22], "uv_size": [0.5, 0.25]},
								"east": {"uv": [23, 9], "uv_size": [0.25, 0.25]},
								"south": {"uv": [22, 5], "uv_size": [0.5, 0.25]},
								"west": {"uv": [10, 23], "uv_size": [0.25, 0.25]}
							}
						},
						{
							"origin": [-1.58905, -0.57154, -4.57552],
							"size": [0.12187, 0.24375, 0.39688],
							"pivot": [-2.97868, 2.45245, -3.2511],
							"rotation": [-2.77201, -1.1476, -22.47223],
							"uv": {
								"north": {"uv": [19, 22], "uv_size": [0.25, 0.25]},
								"east": {"uv": [2, 22], "uv_size": [0.5, 0.25]},
								"south": {"uv": [22, 19], "uv_size": [0.25, 0.25]},
								"west": {"uv": [22, 2], "uv_size": [0.5, 0.25]}
							}
						},
						{
							"origin": [-0.27972, 1.17248, -4.57552],
							"size": [0.12187, 0.24375, 0.39688],
							"pivot": [-2.97868, 2.45245, -3.2511],
							"rotation": [-2.77201, 1.1476, 22.47223],
							"uv": {
								"north": {"uv": [20, 22], "uv_size": [0.25, 0.25]},
								"east": {"uv": [3, 22], "uv_size": [0.5, 0.25]},
								"south": {"uv": [22, 20], "uv_size": [0.25, 0.25]},
								"west": {"uv": [22, 3], "uv_size": [0.5, 0.25]}
							}
						},
						{
							"origin": [-0.89844, 0.29645, -4.57552],
							"size": [0.39688, 0.54843, 0.39688],
							"pivot": [-2.97868, 2.45245, -3.2511],
							"rotation": [-3, 0, 0],
							"uv": {
								"north": {"uv": [13, 19], "uv_size": [0.5, 0.5]},
								"east": {"uv": [14, 19], "uv_size": [0.5, 0.5]},
								"south": {"uv": [19, 14], "uv_size": [0.5, 0.5]},
								"west": {"uv": [15, 19], "uv_size": [0.5, 0.5]},
								"up": {"uv": [19, 15], "uv_size": [0.5, 0.5]},
								"down": {"uv": [16, 19.5], "uv_size": [0.5, -0.5]}
							}
						},
						{
							"origin": [-0.86796, 0.84488, -4.54505],
							"size": [0.33593, 0.36563, 0.33593],
							"pivot": [-2.97868, 2.45245, -3.2511],
							"rotation": [-3, 0, 0],
							"uv": {
								"north": {"uv": [7, 23], "uv_size": [0.25, 0.25]},
								"east": {"uv": [23, 7], "uv_size": [0.25, 0.25]},
								"south": {"uv": [8, 23], "uv_size": [0.25, 0.25]},
								"west": {"uv": [23, 8], "uv_size": [0.25, 0.25]},
								"up": {"uv": [9, 23], "uv_size": [0.25, 0.25]}
							}
						},
						{
							"origin": [-0.83749, 1.21051, -4.51458],
							"size": [0.27499, 0.30469, 0.27499],
							"pivot": [-2.97868, 2.45245, -3.2511],
							"rotation": [-3, 0, 0],
							"uv": {
								"north": {"uv": [23, 3], "uv_size": [0.25, 0.25]},
								"east": {"uv": [4, 23], "uv_size": [0.25, 0.25]},
								"south": {"uv": [23, 4], "uv_size": [0.25, 0.25]},
								"west": {"uv": [5, 23], "uv_size": [0.25, 0.25]},
								"up": {"uv": [23, 5], "uv_size": [0.25, 0.25]}
							}
						},
						{
							"origin": [-0.76133, 1.63708, -4.43841],
							"size": [0.12266, 0.0914, 0.12266],
							"pivot": [-2.97868, 2.45245, -3.2511],
							"rotation": [-3, 0, 0],
							"uv": {
								"north": {"uv": [21, 22], "uv_size": [0.25, 0.25]},
								"east": {"uv": [22, 21], "uv_size": [0.25, 0.25]},
								"south": {"uv": [22, 22], "uv_size": [0.25, 0.25]},
								"west": {"uv": [0, 23], "uv_size": [0.25, 0.25]},
								"up": {"uv": [23, 0], "uv_size": [0.25, 0.25]}
							}
						},
						{
							"origin": [-0.80703, 1.5152, -4.48412],
							"size": [0.21407, 0.1371, 0.21407],
							"pivot": [-2.97868, 2.45245, -3.2511],
							"rotation": [-3, 0, 0],
							"uv": {
								"north": {"uv": [1, 23], "uv_size": [0.25, 0.25]},
								"east": {"uv": [23, 1], "uv_size": [0.25, 0.25]},
								"south": {"uv": [2, 23], "uv_size": [0.25, 0.25]},
								"west": {"uv": [23, 2], "uv_size": [0.25, 0.25]},
								"up": {"uv": [3, 23], "uv_size": [0.25, 0.25]}
							}
						},
						{
							"origin": [-0.89844, 0.73136, -5.00698],
							"size": [0.39688, 0.24375, 0.12187],
							"pivot": [-2.97868, 2.45245, -3.2511],
							"rotation": [19.5, 0, 0],
							"uv": {
								"north": {"uv": [4, 22], "uv_size": [0.5, 0.25]},
								"east": {"uv": [6, 23], "uv_size": [0.25, 0.25]},
								"south": {"uv": [22, 4], "uv_size": [0.5, 0.25]},
								"west": {"uv": [23, 6], "uv_size": [0.25, 0.25]}
							}
						}
					]
				},
				{
					"name": "bullet11",
					"parent": "bullet7",
					"pivot": [0, 2.52257, -2.96787],
					"rotation": [-1, 0, 0],
					"cubes": [
						{
							"origin": [-0.575, 0.02926, -3.00208],
							"size": [0.55, 2.45782, 0.55],
							"pivot": [-2.57868, 4.70245, -1.6011],
							"rotation": [-3, 0, 0],
							"uv": {
								"north": {"uv": [2, 16], "uv_size": [0.5, 2.5]},
								"east": {"uv": [3, 16], "uv_size": [0.5, 2.5]},
								"south": {"uv": [4, 16], "uv_size": [0.5, 2.5]},
								"west": {"uv": [5, 16], "uv_size": [0.5, 2.5]},
								"up": {"uv": [19, 10], "uv_size": [0.5, 0.5]},
								"down": {"uv": [11, 19.5], "uv_size": [0.5, -0.5]}
							}
						},
						{
							"origin": [-0.49844, 2.54645, -2.92552],
							"size": [0.39688, 0.54843, 0.39688],
							"pivot": [-2.57868, 4.70245, -1.6011],
							"rotation": [-3, 0, 0],
							"uv": {
								"north": {"uv": [19, 17], "uv_size": [0.5, 0.5]},
								"east": {"uv": [18, 19], "uv_size": [0.5, 0.5]},
								"south": {"uv": [19, 18], "uv_size": [0.5, 0.5]},
								"west": {"uv": [19, 19], "uv_size": [0.5, 0.5]},
								"up": {"uv": [0, 20], "uv_size": [0.5, 0.5]},
								"down": {"uv": [1, 20.5], "uv_size": [0.5, -0.5]}
							}
						},
						{
							"origin": [-0.49844, 2.11958, -2.04765],
							"size": [0.39688, 0.24375, 0.12187],
							"pivot": [-2.57868, 4.70245, -1.6011],
							"rotation": [-25.5, 0, 0],
							"uv": {
								"north": {"uv": [6, 22], "uv_size": [0.5, 0.25]},
								"east": {"uv": [23, 10], "uv_size": [0.25, 0.25]},
								"south": {"uv": [22, 6], "uv_size": [0.5, 0.25]},
								"west": {"uv": [11, 23], "uv_size": [0.25, 0.25]}
							}
						},
						{
							"origin": [-0.46796, 3.09488, -2.89505],
							"size": [0.33593, 0.36563, 0.33593],
							"pivot": [-2.57868, 4.70245, -1.6011],
							"rotation": [-3, 0, 0],
							"uv": {
								"north": {"uv": [23, 11], "uv_size": [0.25, 0.25]},
								"east": {"uv": [12, 23], "uv_size": [0.25, 0.25]},
								"south": {"uv": [23, 12], "uv_size": [0.25, 0.25]},
								"west": {"uv": [13, 23], "uv_size": [0.25, 0.25]},
								"up": {"uv": [23, 13], "uv_size": [0.25, 0.25]}
							}
						},
						{
							"origin": [-0.49844, 2.98136, -3.35698],
							"size": [0.39688, 0.24375, 0.12187],
							"pivot": [-2.57868, 4.70245, -1.6011],
							"rotation": [19.5, 0, 0],
							"uv": {
								"north": {"uv": [7, 22], "uv_size": [0.5, 0.25]},
								"east": {"uv": [14, 23], "uv_size": [0.25, 0.25]},
								"south": {"uv": [22, 7], "uv_size": [0.5, 0.25]},
								"west": {"uv": [23, 14], "uv_size": [0.25, 0.25]}
							}
						},
						{
							"origin": [-0.43749, 3.46051, -2.86458],
							"size": [0.27499, 0.30469, 0.27499],
							"pivot": [-2.57868, 4.70245, -1.6011],
							"rotation": [-3, 0, 0],
							"uv": {
								"north": {"uv": [15, 23], "uv_size": [0.25, 0.25]},
								"east": {"uv": [23, 15], "uv_size": [0.25, 0.25]},
								"south": {"uv": [16, 23], "uv_size": [0.25, 0.25]},
								"west": {"uv": [23, 16], "uv_size": [0.25, 0.25]},
								"up": {"uv": [17, 23], "uv_size": [0.25, 0.25]}
							}
						},
						{
							"origin": [-0.40703, 3.7652, -2.83412],
							"size": [0.21407, 0.1371, 0.21407],
							"pivot": [-2.57868, 4.70245, -1.6011],
							"rotation": [-3, 0, 0],
							"uv": {
								"north": {"uv": [23, 17], "uv_size": [0.25, 0.25]},
								"east": {"uv": [18, 23], "uv_size": [0.25, 0.25]},
								"south": {"uv": [23, 18], "uv_size": [0.25, 0.25]},
								"west": {"uv": [19, 23], "uv_size": [0.25, 0.25]},
								"up": {"uv": [23, 19], "uv_size": [0.25, 0.25]}
							}
						},
						{
							"origin": [-0.36133, 3.88708, -2.78841],
							"size": [0.12266, 0.0914, 0.12266],
							"pivot": [-2.57868, 4.70245, -1.6011],
							"rotation": [-3, 0, 0],
							"uv": {
								"north": {"uv": [20, 23], "uv_size": [0.25, 0.25]},
								"east": {"uv": [23, 20], "uv_size": [0.25, 0.25]},
								"south": {"uv": [21, 23], "uv_size": [0.25, 0.25]},
								"west": {"uv": [23, 21], "uv_size": [0.25, 0.25]},
								"up": {"uv": [22, 23], "uv_size": [0.25, 0.25]}
							}
						},
						{
							"origin": [0.12028, 3.42248, -2.92552],
							"size": [0.12187, 0.24375, 0.39688],
							"pivot": [-2.57868, 4.70245, -1.6011],
							"rotation": [-2.77201, 1.1476, 22.47223],
							"uv": {
								"north": {"uv": [23, 22], "uv_size": [0.25, 0.25]},
								"east": {"uv": [8, 22], "uv_size": [0.5, 0.25]},
								"south": {"uv": [23, 23], "uv_size": [0.25, 0.25]},
								"west": {"uv": [22, 8], "uv_size": [0.5, 0.25]}
							}
						},
						{
							"origin": [-1.18905, 1.67846, -2.92552],
							"size": [0.12187, 0.24375, 0.39688],
							"pivot": [-2.57868, 4.70245, -1.6011],
							"rotation": [-2.77201, -1.1476, -22.47223],
							"uv": {
								"north": {"uv": [0, 24], "uv_size": [0.25, 0.25]},
								"east": {"uv": [9, 22], "uv_size": [0.5, 0.25]},
								"south": {"uv": [24, 0], "uv_size": [0.25, 0.25]},
								"west": {"uv": [22, 9], "uv_size": [0.5, 0.25]}
							}
						},
						{
							"origin": [-0.575, -0.15355, -3.00208],
							"size": [0.55, 0.0914, 0.55],
							"pivot": [-2.57868, 4.45245, -1.6011],
							"rotation": [-3, 0, 0],
							"uv": {
								"north": {"uv": [10, 22], "uv_size": [0.5, 0.25]},
								"east": {"uv": [22, 10], "uv_size": [0.5, 0.25]},
								"south": {"uv": [11, 22], "uv_size": [0.5, 0.25]},
								"west": {"uv": [22, 11], "uv_size": [0.5, 0.25]},
								"up": {"uv": [2, 20], "uv_size": [0.5, 0.5]},
								"down": {"uv": [3, 20.5], "uv_size": [0.5, -0.5]}
							}
						},
						{
							"origin": [-0.51407, -0.09262, -2.94114],
							"size": [0.42813, 0.12188, 0.42813],
							"pivot": [-2.57868, 4.45245, -1.6011],
							"rotation": [-3, 0, 0],
							"uv": {
								"north": {"uv": [12, 22], "uv_size": [0.5, 0.25]},
								"east": {"uv": [22, 12], "uv_size": [0.5, 0.25]},
								"south": {"uv": [13, 22], "uv_size": [0.5, 0.25]},
								"west": {"uv": [22, 13], "uv_size": [0.5, 0.25]}
							}
						}
					]
				},
				{
					"name": "positioning",
					"pivot": [-3.025, -8.95, -11.225]
				},
				{
					"name": "ground",
					"parent": "positioning",
					"pivot": [0, 0, 0]
				},
				{
					"name": "fixed",
					"parent": "positioning",
					"pivot": [0, 0, 0],
					"rotation": [-90, 0, 0]
				},
				{
					"name": "thirdperson_hand",
					"parent": "positioning",
					"pivot": [-0.025, 1.55, -0.225],
					"rotation": [0, -90, 0]
				},
				{
					"name": "stripperclip",
					"pivot": [4.78485, 0.34697, 1.49494],
					"rotation": [72.41162, -1.74629, 92.38533]
				}
			]
		}
	]
}