{
	"format_version": "1.12.0",
	"minecraft:geometry": [
		{
			"description": {
				"identifier": "geometry.unknown",
				"texture_width": 32,
				"texture_height": 32,
				"visible_bounds_width": 2,
				"visible_bounds_height": 1.5,
				"visible_bounds_offset": [0, 0.25, 0]
			},
			"bones": [
				{
					"name": "root",
					"pivot": [0, 0, 0]
				},
				{
					"name": "bullets",
					"parent": "root",
					"pivot": [0, 0, 0]
				},
				{
					"name": "box",
					"parent": "root",
					"pivot": [5.84776, 1.5, 4.76537],
					"cubes": [
						{
							"origin": [-4, 0, -1],
							"size": [8, 3, 4],
							"uv": {
								"north": {"uv": [12, 0], "uv_size": [12, 3]},
								"east": {"uv": [0, 16], "uv_size": [8, 3]},
								"south": {"uv": [12, 3], "uv_size": [12, 3]},
								"west": {"uv": [0, 0], "uv_size": [12, 8]},
								"up": {"uv": [0, 8], "uv_size": [12, 5.5]},
								"down": {"uv": [0, 16], "uv_size": [12, -8]}
							}
						}
					]
				},
				{
					"name": "rounds",
					"parent": "box",
					"pivot": [6.99239, 0.2771, -5.39203],
					"cubes": [
						{
							"origin": [1.70318, -1.65709, -2.25358],
							"size": [0.55, 0.0914, 0.55],
							"pivot": [1.98932, 0.28432, -1.96909],
							"rotation": [-91.00956, 68.68361, 180],
							"uv": {
								"north": {"uv": [3, 19], "uv_size": [0.5, 0.5]},
								"east": {"uv": [4, 19], "uv_size": [0.5, 0.5]},
								"south": {"uv": [7, 23], "uv_size": [0.5, 0.5]},
								"west": {"uv": [5.5, 23], "uv_size": [0.5, 0.5]},
								"up": {"uv": [7, 19], "uv_size": [0.5, 0.5]},
								"down": {"uv": [8, 23.5], "uv_size": [0.5, -0.5]}
							}
						},
						{
							"origin": [1.76411, -1.59616, -2.19264],
							"size": [0.42813, 0.12188, 0.42813],
							"pivot": [1.98932, 0.28432, -1.96909],
							"rotation": [-91.00956, 68.68361, 180],
							"uv": {
								"north": {"uv": [5, 24], "uv_size": [0.5, 0.5]},
								"east": {"uv": [5, 24], "uv_size": [0.5, 0.5]},
								"south": {"uv": [5, 24], "uv_size": [0.5, 0.5]},
								"west": {"uv": [5, 24], "uv_size": [0.5, 0.5]},
								"up": {"uv": [5.5, 24.5], "uv_size": [-0.5, -0.5]},
								"down": {"uv": [5.5, 24.5], "uv_size": [-0.5, -0.5]}
							}
						},
						{
							"origin": [1.70318, -1.47428, -2.25358],
							"size": [0.55, 2.20782, 0.55],
							"pivot": [1.98932, 0.28432, -1.96909],
							"rotation": [-91.00956, 68.68361, 180],
							"uv": {
								"north": {"uv": [3, 21], "uv_size": [1, 2]},
								"east": {"uv": [2, 21], "uv_size": [1, 2]},
								"south": {"uv": [1, 21], "uv_size": [0.5, 2]},
								"west": {"uv": [0, 21], "uv_size": [1, 2]},
								"up": {"uv": [5.5, 24.5], "uv_size": [-0.5, -0.5]},
								"down": {"uv": [5.5, 24.5], "uv_size": [-0.5, -0.5]}
							}
						},
						{
							"origin": [2.28313, 0.59836, -2.17702],
							"size": [0.12187, 0.24375, 0.39688],
							"pivot": [1.98932, 0.28432, -1.96909],
							"rotation": [-91.08345, 46.18727, 180],
							"uv": {
								"north": {"uv": [5, 24], "uv_size": [0.5, 0.5]},
								"east": {"uv": [5, 24], "uv_size": [0.5, 0.5]},
								"south": {"uv": [5, 24], "uv_size": [0.5, 0.5]},
								"west": {"uv": [5, 24], "uv_size": [0.5, 0.5]},
								"up": {"uv": [5.5, 24.5], "uv_size": [-0.5, -0.5]},
								"down": {"uv": [5.5, 24.5], "uv_size": [-0.5, -0.5]}
							}
						},
						{
							"origin": [1.77974, 0.59046, -2.40382],
							"size": [0.39688, 0.24375, 0.12187],
							"pivot": [1.98932, 0.28432, -1.96909],
							"rotation": [-113.50956, 68.68361, 180],
							"uv": {
								"north": {"uv": [1, 24], "uv_size": [0.5, 0.5]},
								"east": {"uv": [5, 24], "uv_size": [0.5, 0.5]},
								"south": {"uv": [6, 17], "uv_size": [0.5, 0.5]},
								"west": {"uv": [6.5, 21], "uv_size": [0.5, 0.5]}
							}
						},
						{
							"origin": [1.55307, 0.58984, -2.17702],
							"size": [0.12187, 0.24375, 0.39688],
							"pivot": [1.98932, 0.28432, -1.96909],
							"rotation": [88.89785, 88.82011, 0],
							"uv": {
								"north": {"uv": [5, 24], "uv_size": [0.5, 0.5]},
								"east": {"uv": [5, 24], "uv_size": [0.5, 0.5]},
								"south": {"uv": [5, 24], "uv_size": [0.5, 0.5]},
								"west": {"uv": [5, 24], "uv_size": [0.5, 0.5]},
								"up": {"uv": [5.5, 24.5], "uv_size": [-0.5, -0.5]},
								"down": {"uv": [5.5, 24.5], "uv_size": [-0.5, -0.5]}
							}
						},
						{
							"origin": [1.81022, 1.34134, -2.14655],
							"size": [0.33593, 0.36563, 0.33593],
							"pivot": [1.98932, 0.28432, -1.96909],
							"rotation": [-91.00956, 68.68361, 180],
							"uv": {
								"north": {"uv": [9, 22.5], "uv_size": [0.5, 0.5]},
								"east": {"uv": [9, 22], "uv_size": [0.5, 0.5]},
								"south": {"uv": [9, 22.5], "uv_size": [0.5, 0.5]},
								"west": {"uv": [10.5, 21], "uv_size": [0.5, 0.5]},
								"up": {"uv": [11, 21.5], "uv_size": [-0.5, -0.5]}
							}
						},
						{
							"origin": [1.84069, 1.70697, -2.11608],
							"size": [0.27499, 0.30469, 0.27499],
							"pivot": [1.98932, 0.28432, -1.96909],
							"rotation": [-91.00956, 68.68361, 180],
							"uv": {
								"north": {"uv": [5.5, 22], "uv_size": [0.5, 0.5]},
								"east": {"uv": [9.5, 22], "uv_size": [0.5, 0.5]},
								"south": {"uv": [9.5, 23], "uv_size": [0.5, 0.5]},
								"west": {"uv": [7.5, 22], "uv_size": [0.5, 0.5]},
								"up": {"uv": [11, 21.5], "uv_size": [-0.5, -0.5]}
							}
						},
						{
							"origin": [1.87115, 2.01166, -2.08562],
							"size": [0.21407, 0.1371, 0.21407],
							"pivot": [1.98932, 0.28432, -1.96909],
							"rotation": [-91.00956, 68.68361, 180],
							"uv": {
								"north": {"uv": [10, 23], "uv_size": [0.5, 0.5]},
								"east": {"uv": [10.5, 23], "uv_size": [0.5, 0.5]},
								"south": {"uv": [9.5, 22.5], "uv_size": [0.5, 0.5]},
								"west": {"uv": [5, 23], "uv_size": [0.5, 0.5]},
								"up": {"uv": [13, 18], "uv_size": [0.5, 0.5]}
							}
						},
						{
							"origin": [1.91685, 2.13354, -2.03991],
							"size": [0.12266, 0.0914, 0.12266],
							"pivot": [1.98932, 0.28432, -1.96909],
							"rotation": [-91.00956, 68.68361, 180],
							"uv": {
								"north": {"uv": [12, 23], "uv_size": [0.5, 0.5]},
								"east": {"uv": [14, 18], "uv_size": [0.5, 0.5]},
								"south": {"uv": [10.5, 21], "uv_size": [0.5, 0.5]},
								"west": {"uv": [14.5, 22], "uv_size": [0.5, 0.5]},
								"up": {"uv": [14.5, 22], "uv_size": [0.5, 0.5]}
							}
						},
						{
							"origin": [1.77974, 0.79291, -2.17702],
							"size": [0.39688, 0.54843, 0.39688],
							"pivot": [1.98932, 0.28432, -1.96909],
							"rotation": [-91.00956, 68.68361, 180],
							"uv": {
								"north": {"uv": [5, 24], "uv_size": [0.5, 0.5]},
								"east": {"uv": [5, 24], "uv_size": [0.5, 0.5]},
								"south": {"uv": [5, 24], "uv_size": [0.5, 0.5]},
								"west": {"uv": [5, 24], "uv_size": [0.5, 0.5]},
								"up": {"uv": [5.5, 24.5], "uv_size": [-0.5, -0.5]},
								"down": {"uv": [5.5, 24.5], "uv_size": [-0.5, -0.5]}
							}
						},
						{
							"origin": [1.77974, 0.59772, -1.67376],
							"size": [0.39688, 0.24375, 0.12187],
							"pivot": [1.98932, 0.28432, -1.96909],
							"rotation": [-68.50956, 68.68361, 180],
							"uv": {
								"north": {"uv": [1, 18], "uv_size": [0.5, 0.5]},
								"east": {"uv": [5, 24], "uv_size": [0.5, 0.5]},
								"south": {"uv": [1, 24], "uv_size": [0.5, 0.5]},
								"west": {"uv": [5, 24], "uv_size": [0.5, 0.5]}
							}
						}
					]
				},
				{
					"name": "rounds2",
					"parent": "rounds",
					"pivot": [1.88491, 0.64943, -2.65853],
					"rotation": [153.70784, 69.2357, 151.73082],
					"cubes": [
						{
							"origin": [1.9886, -1.28973, -3.10709],
							"size": [0.55, 0.0914, 0.55],
							"pivot": [2.27474, 0.65168, -2.8226],
							"rotation": [-91.00956, 68.68361, 180],
							"uv": {
								"north": {"uv": [3, 19], "uv_size": [0.5, 0.5]},
								"east": {"uv": [4, 19], "uv_size": [0.5, 0.5]},
								"south": {"uv": [7, 23], "uv_size": [0.5, 0.5]},
								"west": {"uv": [5.5, 23], "uv_size": [0.5, 0.5]},
								"up": {"uv": [7, 19], "uv_size": [0.5, 0.5]},
								"down": {"uv": [8, 23.5], "uv_size": [0.5, -0.5]}
							}
						},
						{
							"origin": [2.04953, -1.2288, -3.04615],
							"size": [0.42813, 0.12188, 0.42813],
							"pivot": [2.27474, 0.65168, -2.8226],
							"rotation": [-91.00956, 68.68361, 180],
							"uv": {
								"north": {"uv": [5, 24], "uv_size": [0.5, 0.5]},
								"east": {"uv": [5, 24], "uv_size": [0.5, 0.5]},
								"south": {"uv": [5, 24], "uv_size": [0.5, 0.5]},
								"west": {"uv": [5, 24], "uv_size": [0.5, 0.5]},
								"up": {"uv": [5.5, 24.5], "uv_size": [-0.5, -0.5]},
								"down": {"uv": [5.5, 24.5], "uv_size": [-0.5, -0.5]}
							}
						},
						{
							"origin": [1.9886, -1.10692, -3.10709],
							"size": [0.55, 2.20782, 0.55],
							"pivot": [2.27474, 0.65168, -2.8226],
							"rotation": [-91.00956, 68.68361, 180],
							"uv": {
								"north": {"uv": [3, 21], "uv_size": [1, 2]},
								"east": {"uv": [2, 21], "uv_size": [1, 2]},
								"south": {"uv": [1, 21], "uv_size": [0.5, 2]},
								"west": {"uv": [0, 21], "uv_size": [1, 2]},
								"up": {"uv": [5.5, 24.5], "uv_size": [-0.5, -0.5]},
								"down": {"uv": [5.5, 24.5], "uv_size": [-0.5, -0.5]}
							}
						},
						{
							"origin": [2.56855, 0.96572, -3.03053],
							"size": [0.12187, 0.24375, 0.39688],
							"pivot": [2.27474, 0.65168, -2.8226],
							"rotation": [-91.08345, 46.18727, 180],
							"uv": {
								"north": {"uv": [5, 24], "uv_size": [0.5, 0.5]},
								"east": {"uv": [5, 24], "uv_size": [0.5, 0.5]},
								"south": {"uv": [5, 24], "uv_size": [0.5, 0.5]},
								"west": {"uv": [5, 24], "uv_size": [0.5, 0.5]},
								"up": {"uv": [5.5, 24.5], "uv_size": [-0.5, -0.5]},
								"down": {"uv": [5.5, 24.5], "uv_size": [-0.5, -0.5]}
							}
						},
						{
							"origin": [2.06516, 0.95782, -3.25733],
							"size": [0.39688, 0.24375, 0.12187],
							"pivot": [2.27474, 0.65168, -2.8226],
							"rotation": [-113.50956, 68.68361, 180],
							"uv": {
								"north": {"uv": [1, 24], "uv_size": [0.5, 0.5]},
								"east": {"uv": [5, 24], "uv_size": [0.5, 0.5]},
								"south": {"uv": [6, 17], "uv_size": [0.5, 0.5]},
								"west": {"uv": [6.5, 21], "uv_size": [0.5, 0.5]}
							}
						},
						{
							"origin": [1.83849, 0.9572, -3.03053],
							"size": [0.12187, 0.24375, 0.39688],
							"pivot": [2.27474, 0.65168, -2.8226],
							"rotation": [88.89785, 88.82011, 0],
							"uv": {
								"north": {"uv": [5, 24], "uv_size": [0.5, 0.5]},
								"east": {"uv": [5, 24], "uv_size": [0.5, 0.5]},
								"south": {"uv": [5, 24], "uv_size": [0.5, 0.5]},
								"west": {"uv": [5, 24], "uv_size": [0.5, 0.5]},
								"up": {"uv": [5.5, 24.5], "uv_size": [-0.5, -0.5]},
								"down": {"uv": [5.5, 24.5], "uv_size": [-0.5, -0.5]}
							}
						},
						{
							"origin": [2.09564, 1.7087, -3.00006],
							"size": [0.33593, 0.36563, 0.33593],
							"pivot": [2.27474, 0.65168, -2.8226],
							"rotation": [-91.00956, 68.68361, 180],
							"uv": {
								"north": {"uv": [9, 22.5], "uv_size": [0.5, 0.5]},
								"east": {"uv": [9, 22], "uv_size": [0.5, 0.5]},
								"south": {"uv": [9, 22.5], "uv_size": [0.5, 0.5]},
								"west": {"uv": [10.5, 21], "uv_size": [0.5, 0.5]},
								"up": {"uv": [11, 21.5], "uv_size": [-0.5, -0.5]}
							}
						},
						{
							"origin": [2.12611, 2.07433, -2.96959],
							"size": [0.27499, 0.30469, 0.27499],
							"pivot": [2.27474, 0.65168, -2.8226],
							"rotation": [-91.00956, 68.68361, 180],
							"uv": {
								"north": {"uv": [5.5, 22], "uv_size": [0.5, 0.5]},
								"east": {"uv": [9.5, 22], "uv_size": [0.5, 0.5]},
								"south": {"uv": [9.5, 23], "uv_size": [0.5, 0.5]},
								"west": {"uv": [7.5, 22], "uv_size": [0.5, 0.5]},
								"up": {"uv": [11, 21.5], "uv_size": [-0.5, -0.5]}
							}
						},
						{
							"origin": [2.15657, 2.37902, -2.93913],
							"size": [0.21407, 0.1371, 0.21407],
							"pivot": [2.27474, 0.65168, -2.8226],
							"rotation": [-91.00956, 68.68361, 180],
							"uv": {
								"north": {"uv": [10, 23], "uv_size": [0.5, 0.5]},
								"east": {"uv": [10.5, 23], "uv_size": [0.5, 0.5]},
								"south": {"uv": [9.5, 22.5], "uv_size": [0.5, 0.5]},
								"west": {"uv": [5, 23], "uv_size": [0.5, 0.5]},
								"up": {"uv": [13, 18], "uv_size": [0.5, 0.5]}
							}
						},
						{
							"origin": [2.20227, 2.5009, -2.89342],
							"size": [0.12266, 0.0914, 0.12266],
							"pivot": [2.27474, 0.65168, -2.8226],
							"rotation": [-91.00956, 68.68361, 180],
							"uv": {
								"north": {"uv": [12, 23], "uv_size": [0.5, 0.5]},
								"east": {"uv": [14, 18], "uv_size": [0.5, 0.5]},
								"south": {"uv": [10.5, 21], "uv_size": [0.5, 0.5]},
								"west": {"uv": [14.5, 22], "uv_size": [0.5, 0.5]},
								"up": {"uv": [14.5, 22], "uv_size": [0.5, 0.5]}
							}
						},
						{
							"origin": [2.06516, 1.16027, -3.03053],
							"size": [0.39688, 0.54843, 0.39688],
							"pivot": [2.27474, 0.65168, -2.8226],
							"rotation": [-91.00956, 68.68361, 180],
							"uv": {
								"north": {"uv": [5, 24], "uv_size": [0.5, 0.5]},
								"east": {"uv": [5, 24], "uv_size": [0.5, 0.5]},
								"south": {"uv": [5, 24], "uv_size": [0.5, 0.5]},
								"west": {"uv": [5, 24], "uv_size": [0.5, 0.5]},
								"up": {"uv": [5.5, 24.5], "uv_size": [-0.5, -0.5]},
								"down": {"uv": [5.5, 24.5], "uv_size": [-0.5, -0.5]}
							}
						},
						{
							"origin": [2.06516, 0.96508, -2.52727],
							"size": [0.39688, 0.24375, 0.12187],
							"pivot": [2.27474, 0.65168, -2.8226],
							"rotation": [-68.50956, 68.68361, 180],
							"uv": {
								"north": {"uv": [1, 18], "uv_size": [0.5, 0.5]},
								"east": {"uv": [5, 24], "uv_size": [0.5, 0.5]},
								"south": {"uv": [1, 24], "uv_size": [0.5, 0.5]},
								"west": {"uv": [5, 24], "uv_size": [0.5, 0.5]}
							}
						}
					]
				},
				{
					"name": "positioning",
					"pivot": [-3.025, -8.95, -11.225]
				},
				{
					"name": "ground",
					"parent": "positioning",
					"pivot": [0, 0, 0]
				},
				{
					"name": "fixed",
					"parent": "positioning",
					"pivot": [0, 0, 0],
					"rotation": [-90, 0, 0]
				},
				{
					"name": "thirdperson_hand",
					"parent": "positioning",
					"pivot": [-0.025, 1.55, -0.225],
					"rotation": [0, -90, 0]
				}
			]
		}
	]
}