{
	"format_version": "1.12.0",
	"minecraft:geometry": [
		{
			"description": {
				"identifier": "geometry.unknown",
				"texture_width": 32,
				"texture_height": 32,
				"visible_bounds_width": 2,
				"visible_bounds_height": 3,
				"visible_bounds_offset": [0, 0.5, 0]
			},
			"bones": [
				{
					"name": "bayonet",
					"pivot": [-0.125, -1.92204, -5.76518],
					"cubes": [
						{
							"origin": [-0.375, -2.38702, 3.92094],
							"size": [0.75, 1.425, 0.6],
							"pivot": [0, -1.76827, -1.05],
							"rotation": [0, 0, 180],
							"uv": {
								"north": {"uv": [8, 10], "uv_size": [0.75, 1.5]},
								"east": {"uv": [0, 5], "uv_size": [2, 1.5]},
								"south": {"uv": [10, 8], "uv_size": [0.75, 1.5]},
								"west": {"uv": [2, 5], "uv_size": [2, 1.5]},
								"up": {"uv": [8, 8], "uv_size": [0.75, 2]},
								"down": {"uv": [5, 11], "uv_size": [0.75, -2]}
							}
						},
						{
							"origin": [-0.375, -2.29193, 3.46776],
							"size": [0.75, 0.175, 0.55],
							"pivot": [0, -1.72318, -0.65318],
							"rotation": [0, 0, 180],
							"uv": {
								"north": {"uv": [8, 10], "uv_size": [0.75, 1.5]},
								"east": {"uv": [0, 5], "uv_size": [2, 1.5]},
								"south": {"uv": [10, 8], "uv_size": [0.75, 1.5]},
								"west": {"uv": [2, 5], "uv_size": [2, 1.5]},
								"up": {"uv": [8, 8], "uv_size": [0.75, 2]},
								"down": {"uv": [5, 11], "uv_size": [0.75, -2]}
							}
						},
						{
							"origin": [-0.375, -2.37073, 3.65137],
							"size": [0.75, 1.325, 0.475],
							"pivot": [0, -1.74573, 4.15137],
							"rotation": [-20, 0, 180],
							"uv": {
								"north": {"uv": [8, 10], "uv_size": [0.75, 1.5]},
								"east": {"uv": [0, 5], "uv_size": [2, 1.5]},
								"south": {"uv": [10, 8], "uv_size": [0.75, 1.5]},
								"west": {"uv": [2, 5], "uv_size": [2, 1.5]},
								"up": {"uv": [8, 8], "uv_size": [0.75, 2]},
								"down": {"uv": [5, 11], "uv_size": [0.75, -2]}
							}
						},
						{
							"origin": [-0.375, -3.03288, 0.66059],
							"size": [0.75, 0.375, 0.375],
							"inflate": 0.01,
							"pivot": [0, -1.66827, -0.55],
							"rotation": [45, 0, 180],
							"uv": {
								"north": {"uv": [13, 12], "uv_size": [0.75, 0.5]},
								"east": {"uv": [6, 15], "uv_size": [0.5, 0.5]},
								"south": {"uv": [13, 13], "uv_size": [0.75, 0.5]},
								"west": {"uv": [15, 6], "uv_size": [0.5, 0.5]},
								"up": {"uv": [1, 14], "uv_size": [0.75, 0.5]},
								"down": {"uv": [14, 2.5], "uv_size": [0.75, -0.5]}
							}
						},
						{
							"origin": [-0.375, -3.03288, 2.31059],
							"size": [0.75, 0.375, 0.375],
							"inflate": 0.01,
							"pivot": [0, -1.66827, 1.1],
							"rotation": [45, 0, 180],
							"uv": {
								"north": {"uv": [13, 12], "uv_size": [0.75, 0.5]},
								"east": {"uv": [6, 15], "uv_size": [0.5, 0.5]},
								"south": {"uv": [13, 13], "uv_size": [0.75, 0.5]},
								"west": {"uv": [15, 6], "uv_size": [0.5, 0.5]},
								"up": {"uv": [1, 14], "uv_size": [0.75, 0.5]},
								"down": {"uv": [14, 2.5], "uv_size": [0.75, -0.5]}
							}
						},
						{
							"origin": [-0.35, -2.11202, 0.17094],
							"size": [0.7, 1, 4.15],
							"pivot": [0, -1.76827, -0.65],
							"rotation": [0, 0, 180],
							"uv": {
								"east": {"uv": [0, 2], "uv_size": [3.75, 1]},
								"west": {"uv": [0, 3], "uv_size": [3.75, 1]},
								"up": {"uv": [5, 5], "uv_size": [0.75, 3.75]},
								"down": {"uv": [6, 8.75], "uv_size": [0.75, -3.75]}
							}
						},
						{
							"origin": [-0.348, -1.44572, 0.40898],
							"size": [0.7, 0.35, 2.15],
							"inflate": -0.002,
							"pivot": [0.002, -1.84535, 1.45191],
							"rotation": [5, 0, 180],
							"uv": {
								"east": {"uv": [11, 0], "uv_size": [3.75, 0.25]},
								"west": {"uv": [11, 1], "uv_size": [3.75, 0.25]},
								"up": {"uv": [0, 7], "uv_size": [0.75, 3.75]}
							}
						},
						{
							"origin": [-0.348, -1.52975, 2.41992],
							"size": [0.7, 0.35, 1.85],
							"inflate": -0.002,
							"pivot": [0.002, -1.92938, 2.56285],
							"rotation": [-5, 0, 180],
							"uv": {
								"east": {"uv": [11, 0], "uv_size": [3.75, 0.25]},
								"west": {"uv": [11, 1], "uv_size": [3.75, 0.25]},
								"up": {"uv": [0, 7], "uv_size": [0.75, 3.75]}
							}
						},
						{
							"origin": [-0.348, -2.04737, 0.17294],
							"size": [0.7, 0.35, 4.15],
							"inflate": -0.002,
							"pivot": [0.002, -1.60994, -0.6705],
							"rotation": [0, 0, 180],
							"uv": {
								"east": {"uv": [11, 8], "uv_size": [3.75, 0.25]},
								"west": {"uv": [9, 11], "uv_size": [3.75, 0.25]},
								"down": {"uv": [1, 10.75], "uv_size": [0.75, -3.75]}
							}
						},
						{
							"origin": [-0.375, -1.98702, 4.52094],
							"size": [0.75, 1, 1],
							"pivot": [0, -1.76827, -1.05],
							"rotation": [0, 0, 180],
							"uv": {
								"east": {"uv": [9, 10], "uv_size": [1, 1]},
								"south": {"uv": [11, 10], "uv_size": [0.75, 1]},
								"west": {"uv": [10, 10], "uv_size": [1, 1]},
								"down": {"uv": [12, 3], "uv_size": [0.75, -1]}
							}
						},
						{
							"origin": [-0.45, -1.51202, -0.07906],
							"size": [0.9, 1.7, 0.3125],
							"pivot": [0, -1.26827, -0.65],
							"rotation": [0, 0, 180],
							"uv": {
								"north": {"uv": [6, 9], "uv_size": [1, 1.25]},
								"east": {"uv": [13, 14], "uv_size": [0.25, 1.25]},
								"south": {"uv": [9, 8], "uv_size": [1, 1.25]},
								"west": {"uv": [14, 13], "uv_size": [0.25, 1.25]},
								"up": {"uv": [7, 15], "uv_size": [1, 0.25]},
								"down": {"uv": [15, 7.25], "uv_size": [1, -0.25]}
							}
						},
						{
							"origin": [-0.45, -1.51202, 0.19594],
							"size": [0.9, 1.475, 0.2375],
							"pivot": [0, -1.26827, -0.35],
							"rotation": [0, 0, 180],
							"uv": {
								"north": {"uv": [6, 9], "uv_size": [1, 1.25]},
								"east": {"uv": [13, 14], "uv_size": [0.25, 1.25]},
								"south": {"uv": [9, 8], "uv_size": [1, 1.25]},
								"west": {"uv": [14, 13], "uv_size": [0.25, 1.25]},
								"up": {"uv": [7, 15], "uv_size": [1, 0.25]},
								"down": {"uv": [15, 7.25], "uv_size": [1, -0.25]}
							}
						},
						{
							"origin": [-0.25, -8.4116, 8.70796],
							"size": [0.8, 0.5125, 0.1875],
							"pivot": [0.075, -8.9866, -0.75406],
							"rotation": [-90, 0, 180],
							"uv": {
								"north": {"uv": [15, 13], "uv_size": [0.75, 0.25]},
								"east": {"uv": [12, 17], "uv_size": [0.25, 0.25]},
								"south": {"uv": [14, 15], "uv_size": [0.75, 0.25]},
								"west": {"uv": [17, 12], "uv_size": [0.25, 0.25]},
								"up": {"uv": [15, 14], "uv_size": [0.75, 0.25]},
								"down": {"uv": [15, 15.25], "uv_size": [0.75, -0.25]}
							}
						},
						{
							"origin": [-0.25, -9.4116, 8.70796],
							"size": [0.8, 0.5125, 0.1875],
							"pivot": [0.075, -9.9866, -0.75406],
							"rotation": [-90, 0, 180],
							"uv": {
								"north": {"uv": [15, 13], "uv_size": [0.75, 0.25]},
								"east": {"uv": [12, 17], "uv_size": [0.25, 0.25]},
								"south": {"uv": [14, 15], "uv_size": [0.75, 0.25]},
								"west": {"uv": [17, 12], "uv_size": [0.25, 0.25]},
								"up": {"uv": [15, 14], "uv_size": [0.75, 0.25]},
								"down": {"uv": [15, 15.25], "uv_size": [0.75, -0.25]}
							}
						},
						{
							"origin": [7.41923, -8.36829, 4.20796],
							"size": [0.7, 0.5125, 0.1875],
							"pivot": [0, -8.94329, -0.75406],
							"rotation": [-90, 0, -120],
							"uv": {
								"north": {"uv": [16, 0], "uv_size": [0.75, 0.25]},
								"east": {"uv": [13, 17], "uv_size": [0.25, 0.25]},
								"south": {"uv": [16, 1], "uv_size": [0.75, 0.25]},
								"west": {"uv": [17, 13], "uv_size": [0.25, 0.25]},
								"up": {"uv": [16, 2], "uv_size": [0.75, 0.25]},
								"down": {"uv": [16, 3.25], "uv_size": [0.75, -0.25]}
							}
						},
						{
							"origin": [0.90262, -0.56151, -1.22512],
							"size": [0.7, 0.5125, 0.1875],
							"pivot": [0.26565, -1.20745, -0.825],
							"rotation": [-90, 0, -60],
							"uv": {
								"north": {"uv": [16, 4], "uv_size": [0.75, 0.25]},
								"east": {"uv": [14, 17], "uv_size": [0.25, 0.25]},
								"south": {"uv": [5, 16], "uv_size": [0.75, 0.25]},
								"west": {"uv": [17, 14], "uv_size": [0.25, 0.25]},
								"up": {"uv": [16, 5], "uv_size": [0.75, 0.25]},
								"down": {"uv": [6, 16.25], "uv_size": [0.75, -0.25]}
							}
						},
						{
							"origin": [-8.14423, -8.325, -4.79204],
							"size": [0.7, 0.5125, 0.1875],
							"pivot": [-0.025, -8.9, -0.75406],
							"rotation": [-90, 0, 60],
							"uv": {
								"north": {"uv": [16, 6], "uv_size": [0.75, 0.25]},
								"east": {"uv": [15, 17], "uv_size": [0.25, 0.25]},
								"south": {"uv": [7, 16], "uv_size": [0.75, 0.25]},
								"west": {"uv": [17, 15], "uv_size": [0.25, 0.25]},
								"up": {"uv": [16, 7], "uv_size": [0.75, 0.25]},
								"down": {"uv": [8, 16.25], "uv_size": [0.75, -0.25]}
							}
						},
						{
							"origin": [-8.11923, -8.3683, 4.20796],
							"size": [0.7, 0.5125, 0.1875],
							"pivot": [0, -8.9433, -0.75406],
							"rotation": [-90, 0, 120],
							"uv": {
								"north": {"uv": [16, 8], "uv_size": [0.75, 0.25]},
								"east": {"uv": [16, 17], "uv_size": [0.25, 0.25]},
								"south": {"uv": [9, 16], "uv_size": [0.75, 0.25]},
								"west": {"uv": [17, 16], "uv_size": [0.25, 0.25]},
								"up": {"uv": [16, 9], "uv_size": [0.75, 0.25]},
								"down": {"uv": [10, 16.25], "uv_size": [0.75, -0.25]}
							}
						},
						{
							"origin": [-0.34717, -4.04952, -0.07706],
							"size": [0.7, 3.525, 0.3125],
							"uv": {
								"north": {"uv": [14, 4], "uv_size": [0.5, 0.75]},
								"east": {"uv": [16, 10], "uv_size": [0.25, 0.75]},
								"south": {"uv": [5, 14], "uv_size": [0.5, 0.75]},
								"west": {"uv": [11, 16], "uv_size": [0.25, 0.75]}
							}
						},
						{
							"origin": [-0.34717, -4.25052, 0.42476],
							"size": [0.7, 0.725, 0.3125],
							"pivot": [0.00283, -3.18177, -0.14618],
							"rotation": [-45, 0, 0],
							"uv": {
								"north": {"uv": [14, 4], "uv_size": [0.5, 0.75]},
								"east": {"uv": [16, 10], "uv_size": [0.25, 0.75]},
								"south": {"uv": [5, 14], "uv_size": [0.5, 0.75]},
								"west": {"uv": [11, 16], "uv_size": [0.25, 0.75]}
							}
						},
						{
							"origin": [-0.34717, -4.84748, 0.63748],
							"size": [0.7, 0.825, 0.3125],
							"pivot": [0.00283, -3.67873, 0.06654],
							"rotation": [-90, 0, 0],
							"uv": {
								"north": {"uv": [14, 4], "uv_size": [0.5, 0.75]},
								"east": {"uv": [16, 10], "uv_size": [0.25, 0.75]},
								"south": {"uv": [5, 14], "uv_size": [0.5, 0.75]},
								"west": {"uv": [11, 16], "uv_size": [0.25, 0.75]}
							}
						},
						{
							"origin": [-0.34717, -5.1493, 0.33648],
							"size": [0.7, 0.625, 0.3125],
							"pivot": [0.00283, -4.18055, -0.23446],
							"rotation": [-135, 0, 0],
							"uv": {
								"north": {"uv": [14, 4], "uv_size": [0.5, 0.75]},
								"east": {"uv": [16, 10], "uv_size": [0.25, 0.75]},
								"south": {"uv": [5, 14], "uv_size": [0.5, 0.75]},
								"west": {"uv": [11, 16], "uv_size": [0.25, 0.75]}
							}
						},
						{
							"origin": [-0.34717, -4.50908, 0.84097],
							"size": [0.7, 0.22097, 0.22097],
							"pivot": [0.00283, -4.22778, -0.24776],
							"rotation": [177.5, 0, 0],
							"uv": {
								"east": {"uv": [17, 17], "uv_size": [0.25, 0.25]},
								"south": {"uv": [17, 3], "uv_size": [0.5, 0.25]},
								"west": {"uv": [0, 18], "uv_size": [0.25, 0.25]},
								"down": {"uv": [4, 17.25], "uv_size": [0.5, -0.25]}
							}
						},
						{
							"origin": [-0.45, -1.91207, 0.63873],
							"size": [0.9, 0.32097, 0.22097],
							"pivot": [0, -1.53077, -0.45],
							"rotation": [-45, 0, 0],
							"uv": {
								"east": {"uv": [17, 17], "uv_size": [0.25, 0.25]},
								"south": {"uv": [17, 3], "uv_size": [0.5, 0.25]},
								"west": {"uv": [0, 18], "uv_size": [0.25, 0.25]},
								"down": {"uv": [4, 17.25], "uv_size": [0.5, -0.25]}
							}
						},
						{
							"origin": [-0.08266, -2.9274, -0.07706],
							"size": [0.63211, 0.63211, 0.3125],
							"inflate": -0.002,
							"pivot": [0.00283, -2.38077, -0.648],
							"rotation": [0, 0, 45],
							"uv": {
								"north": {"uv": [12, 4], "uv_size": [0.75, 0.75]},
								"south": {"uv": [12, 7], "uv_size": [0.75, 0.75]},
								"west": {"uv": [16, 11], "uv_size": [0.25, 0.75]},
								"down": {"uv": [12, 16.25], "uv_size": [0.75, -0.25]}
							}
						},
						{
							"origin": [-0.375, 3.24947, 0.97617],
							"size": [0.25, 1.08211, 0.42678],
							"inflate": -0.002,
							"pivot": [0, -1.76827, -1.05],
							"rotation": [-70, 0, 180],
							"uv": {
								"north": {"uv": [9, 15], "uv_size": [0.25, 1]},
								"east": {"uv": [13, 7], "uv_size": [0.5, 1]},
								"south": {"uv": [15, 9], "uv_size": [0.25, 1]},
								"west": {"uv": [8, 13], "uv_size": [0.5, 1]},
								"down": {"uv": [17, 4.5], "uv_size": [0.25, -0.5]}
							}
						},
						{
							"origin": [-0.875, 3.24947, 0.97617],
							"size": [0.25, 1.08211, 0.42678],
							"inflate": -0.002,
							"pivot": [-0.5, -1.76827, -1.05],
							"rotation": [-70, 0, 180],
							"uv": {
								"north": {"uv": [12, 15], "uv_size": [0.25, 1]},
								"east": {"uv": [9, 13], "uv_size": [0.5, 1]},
								"south": {"uv": [15, 12], "uv_size": [0.25, 1]},
								"west": {"uv": [10, 13], "uv_size": [0.5, 1]},
								"down": {"uv": [17, 10.5], "uv_size": [0.25, -0.5]}
							}
						},
						{
							"origin": [-0.375, -6.72512, -4.39844],
							"size": [0.75, 0.65711, 0.42678],
							"inflate": -0.002,
							"pivot": [0, -1.76827, -0.85],
							"rotation": [135, 0, -180],
							"uv": {
								"east": {"uv": [14, 7], "uv_size": [0.5, 0.75]},
								"south": {"uv": [8, 12], "uv_size": [0.75, 0.75]},
								"west": {"uv": [8, 14], "uv_size": [0.5, 0.75]},
								"down": {"uv": [9, 14.5], "uv_size": [0.75, -0.5]}
							}
						},
						{
							"origin": [-0.375, -5.86221, 3.722],
							"size": [0.75, 0.83034, 0.42678],
							"inflate": -0.002,
							"pivot": [0, -1.76827, -1.05],
							"rotation": [45, 0, 180],
							"uv": {
								"east": {"uv": [10, 14], "uv_size": [0.5, 0.75]},
								"south": {"uv": [9, 12], "uv_size": [0.75, 0.75]},
								"west": {"uv": [14, 10], "uv_size": [0.5, 0.75]}
							}
						}
					]
				},
				{
					"name": "octagon",
					"parent": "bayonet",
					"pivot": [0, -1.8, 6.2],
					"cubes": [
						{
							"origin": [-0.5, -2.30355, 4.65],
							"size": [1, 0.20711, 0.5],
							"pivot": [0, -2.2, 4.9],
							"rotation": [-45, 0, 0],
							"uv": {
								"north": {"uv": [0, 0], "uv_size": [1, 0.75]},
								"east": {"uv": [0, 0], "uv_size": [1, 0.75]},
								"south": {"uv": [0, 0], "uv_size": [1, 0.75]},
								"west": {"uv": [0, 0], "uv_size": [1, 0.75]},
								"up": {"uv": [1, 0.75], "uv_size": [-1, -0.75]},
								"down": {"uv": [1, 0.75], "uv_size": [-1, -0.75]}
							}
						},
						{
							"origin": [-0.5, -2.30355, 4.65],
							"size": [1, 0.20711, 0.5],
							"uv": {
								"north": {"uv": [0, 0], "uv_size": [1, 0.75]},
								"east": {"uv": [0, 0], "uv_size": [1, 0.75]},
								"south": {"uv": [0, 0], "uv_size": [1, 0.75]},
								"west": {"uv": [0, 0], "uv_size": [1, 0.75]},
								"up": {"uv": [1, 0.75], "uv_size": [-1, -0.75]},
								"down": {"uv": [1, 0.75], "uv_size": [-1, -0.75]}
							}
						},
						{
							"origin": [-0.5, -2.45, 4.79645],
							"size": [1, 0.5, 0.20711],
							"pivot": [0, -2.2, 4.9],
							"rotation": [-45, 0, 0],
							"uv": {
								"north": {"uv": [0, 0], "uv_size": [1, 0.75]},
								"east": {"uv": [0, 0], "uv_size": [1, 0.75]},
								"south": {"uv": [0, 0], "uv_size": [1, 0.75]},
								"west": {"uv": [0, 0], "uv_size": [1, 0.75]},
								"up": {"uv": [1, 0.75], "uv_size": [-1, -0.75]},
								"down": {"uv": [1, 0.75], "uv_size": [-1, -0.75]}
							}
						},
						{
							"origin": [-0.5, -2.45, 4.79645],
							"size": [1, 0.5, 0.20711],
							"uv": {
								"north": {"uv": [0, 0], "uv_size": [1, 0.75]},
								"east": {"uv": [0, 0], "uv_size": [1, 0.75]},
								"south": {"uv": [0, 0], "uv_size": [1, 0.75]},
								"west": {"uv": [0, 0], "uv_size": [1, 0.75]},
								"up": {"uv": [1, 0.75], "uv_size": [-1, -0.75]},
								"down": {"uv": [1, 0.75], "uv_size": [-1, -0.75]}
							}
						}
					]
				},
				{
					"name": "bone",
					"parent": "bayonet",
					"pivot": [0, -1.39312, -7.03886],
					"cubes": [
						{
							"origin": [-0.125, -2.36202, -1.87906],
							"size": [0.25, 1.25, 1.8],
							"pivot": [0, -1.76827, -0.65],
							"rotation": [0, 0, 180],
							"uv": {
								"north": {"uv": [15, 4], "uv_size": [0.25, 1.25]},
								"east": {"uv": [1, 11], "uv_size": [0.75, 1.25]},
								"west": {"uv": [5, 11], "uv_size": [0.75, 1.25]},
								"down": {"uv": [16, 12.75], "uv_size": [0.25, -0.75]}
							}
						},
						{
							"origin": [-0.125, -1.81202, -16.62906],
							"size": [0.25, 0.7, 14.75],
							"pivot": [0, -1.76827, -9.65],
							"rotation": [0, 0, 180],
							"uv": {
								"north": {"uv": [13, 16], "uv_size": [0.25, 0.75]},
								"east": {"uv": [0, 0], "uv_size": [11, 0.75]},
								"west": {"uv": [0, 1], "uv_size": [11, 0.75]},
								"down": {"uv": [2, 18], "uv_size": [0.25, -11]}
							}
						},
						{
							"origin": [-0.125, -2.26202, -17.92906],
							"size": [0.25, 0.65, 1.375],
							"pivot": [0, -1.76827, -8.625],
							"rotation": [0, 0, 180],
							"uv": {
								"north": {"uv": [7, 17], "uv_size": [0.25, 0.5]},
								"east": {"uv": [8, 4], "uv_size": [4, 0.5]},
								"west": {"uv": [8, 7], "uv_size": [4, 0.5]},
								"down": {"uv": [0, 15], "uv_size": [0.25, -4]}
							}
						},
						{
							"origin": [-0.125, -2.36202, -20.90406],
							"size": [0.25, 0.3, 19.025],
							"pivot": [0, -1.76827, -6.65],
							"rotation": [0, 0, 180],
							"uv": {
								"north": {"uv": [18, 0], "uv_size": [0.25, 0.25]},
								"east": {"uv": [7, 5], "uv_size": [8, 0.25]},
								"west": {"uv": [7, 6], "uv_size": [8, 0.25]},
								"up": {"uv": [3, 7], "uv_size": [0.25, 8]},
								"down": {"uv": [7, 15], "uv_size": [0.25, -8]}
							}
						},
						{
							"origin": [-0.05, -2.06202, -16.65406],
							"size": [0.1, 0.25, 14.85],
							"pivot": [0, -1.76827, -8.65],
							"rotation": [0, 0, 180],
							"uv": {
								"east": {"uv": [0, 4], "uv_size": [7.25, 0.5]},
								"west": {"uv": [4, 2], "uv_size": [7.25, 0.5]}
							}
						},
						{
							"origin": [0.37565, -1.39262, -16.62906],
							"size": [0.17678, 0.17678, 16.55],
							"pivot": [0, -1.76827, -9.65],
							"rotation": [0, 0, 135],
							"uv": {
								"south": {"uv": [1, 18], "uv_size": [0.25, 0.25]},
								"west": {"uv": [4, 3], "uv_size": [12, 0.25]},
								"up": {"uv": [4, 5], "uv_size": [0.25, 12]}
							}
						},
						{
							"origin": [-0.125, -1.43251, -19.09864],
							"size": [0.25, 0.85, 2.55],
							"pivot": [0, -1.61139, -14.11815],
							"rotation": [5, 0, 180],
							"uv": {
								"east": {"uv": [10, 12], "uv_size": [0.75, 0.75]},
								"west": {"uv": [12, 10], "uv_size": [0.75, 0.75]},
								"up": {"uv": [16, 13], "uv_size": [0.25, 0.75]}
							}
						},
						{
							"origin": [-0.125, -1.71081, -20.49963],
							"size": [0.25, 0.4375, 2.69375],
							"uv": {
								"north": {"uv": [8, 18], "uv_size": [0.25, 0.25]},
								"east": {"uv": [18, 8], "uv_size": [0.25, 0.25]},
								"south": {"uv": [9, 18], "uv_size": [0.25, 0.25]},
								"west": {"uv": [18, 9], "uv_size": [0.25, 0.25]},
								"up": {"uv": [10, 18], "uv_size": [0.25, 0.25]},
								"down": {"uv": [18, 10.25], "uv_size": [0.25, -0.25]}
							}
						},
						{
							"origin": [0.63915, -0.97226, -19.09864],
							"size": [0.17677, 0.17678, 2.56563],
							"pivot": [0, -1.61139, -14.11815],
							"rotation": [3.54, 3.5333, 135.1092],
							"uv": {
								"west": {"uv": [14, 16], "uv_size": [0.75, 0.25]},
								"up": {"uv": [16, 14], "uv_size": [0.25, 0.75]}
							}
						},
						{
							"origin": [-0.12499, -0.4761, -19.40437],
							"size": [0.25, 0.7, 0.55],
							"pivot": [0.00001, -1.6542, -13.92821],
							"rotation": [15, 0, -180],
							"uv": {
								"north": {"uv": [17, 7], "uv_size": [0.25, 0.5]},
								"east": {"uv": [11, 14], "uv_size": [0.75, 0.5]},
								"west": {"uv": [14, 11], "uv_size": [0.75, 0.5]},
								"up": {"uv": [16, 16], "uv_size": [0.25, 0.75]}
							}
						},
						{
							"origin": [1.23964, -0.41457, -19.40437],
							"size": [0.17677, 0.17677, 0.56563],
							"pivot": [0.00001, -1.6542, -13.92821],
							"rotation": [10.7286, 10.5453, 135.993],
							"uv": {
								"west": {"uv": [15, 16], "uv_size": [0.75, 0.25]},
								"up": {"uv": [16, 15], "uv_size": [0.25, 0.75]}
							}
						},
						{
							"origin": [-0.125, 0.32104, -20.00291],
							"size": [0.25, 0.4875, 0.86875],
							"pivot": [0, -1.76827, -13.65],
							"rotation": [22.5, 0, -180],
							"uv": {
								"north": {"uv": [18, 1], "uv_size": [0.25, 0.25]},
								"east": {"uv": [5, 17], "uv_size": [0.5, 0.25]},
								"south": {"uv": [2, 18], "uv_size": [0.25, 0.25]},
								"west": {"uv": [17, 5], "uv_size": [0.5, 0.25]},
								"up": {"uv": [6, 17], "uv_size": [0.25, 0.5]},
								"down": {"uv": [17, 6.5], "uv_size": [0.25, -0.5]}
							}
						},
						{
							"origin": [-0.125, -2.38976, -20.42734],
							"size": [0.25, 0.5, 0.275],
							"pivot": [0, -1.73976, -20.30234],
							"rotation": [-45, 0, -180],
							"uv": {
								"north": {"uv": [5, 18], "uv_size": [0.25, 0.25]},
								"east": {"uv": [18, 5], "uv_size": [0.25, 0.25]},
								"south": {"uv": [6, 18], "uv_size": [0.25, 0.25]},
								"west": {"uv": [18, 6], "uv_size": [0.25, 0.25]},
								"up": {"uv": [7, 18], "uv_size": [0.25, 0.25]},
								"down": {"uv": [18, 7.25], "uv_size": [0.25, -0.25]}
							}
						},
						{
							"origin": [1.7337, -0.03458, -20.00291],
							"size": [0.17677, 0.17678, 0.88437],
							"pivot": [0, -1.76827, -13.65],
							"rotation": [16.3249, 15.6999, 137.2658],
							"uv": {
								"north": {"uv": [18, 2], "uv_size": [0.25, 0.25]},
								"west": {"uv": [10, 15], "uv_size": [1, 0.25]},
								"up": {"uv": [15, 10], "uv_size": [0.25, 1]}
							}
						},
						{
							"origin": [1.7337, -1.84382, -20.84099],
							"size": [0.17677, 0.17678, 0.68437],
							"pivot": [0, -3.57751, -14.98808],
							"rotation": [35.26435, 30.00004, 144.73564],
							"uv": {
								"north": {"uv": [18, 2], "uv_size": [0.25, 0.25]},
								"west": {"uv": [10, 15], "uv_size": [1, 0.25]},
								"up": {"uv": [15, 10], "uv_size": [0.25, 1]}
							}
						}
					]
				}
			]
		}
	]
}