{
  // 指定枪械弹药，此处我们使用默认枪包中的 7.62x39mm 步枪弹。
  "ammo": "tacz:9mm",
  // 弹容
  "ammo_amount": 8,
  "extended_mag_ammo_amount": [
    32,
    50,
    71
  ],
  // 枪栓类型。此处我们先按照 ak47 的类型填入 closed_bolt，以后再进行详细解释。
  "bolt": "closed_bolt",
  // 每分钟射出弹药量，最大不应超过 1200
  "rpm": 400,
  // 子弹实体属性
  "bullet": {
    "life": 0.7,
    "bullet_amount": 1,
    "damage": 7.5,
    "tracer_count_interval": 0,
    "extra_damage": {
      "armor_ignore": 0.25,
      "head_shot_multiplier": 1.5,
      "damage_adjust": [
        {"distance": 0.5, "damage": 7.5},
        {"distance": 14.5, "damage": 7.0},
        {"distance": 29.5, "damage": 6.3},
        {"distance": 49.5, "damage": 5.0},
        {"distance": "infinite", "damage": 4}
    ]
   },
     "speed": 190,
     "gravity": 0.0245,
     "knockback": 0,
     "friction": 0.012,
     "ignite": false,
     "pierce": 1
  },
  // 换弹参数
  "reload": {
    // 此处先填入 magazine，详细含义在以后解释。
    "type": "magazine",
    // 弹匣供弹完成时间，到达此时间点，服务端就更新枪内子弹数量
    // 通常对应着动画当中弹匣插入的瞬间。
    "feed": {
      // 空仓换弹
      "empty": 1.63,
      // 战术换弹
      "tactical": 1.05
    },
    // 弹匣供弹总时长（秒），到达此时间点，枪械才可以进行开火、检视等行为。
    // 通常对应着动画当中枪械回到原位的瞬间。
    "cooldown": {
      // 空仓换弹
      "empty": 1.88,
      // 战术换弹
      "tactical": 1.5
    }
  },
  // 枪械抬起的动作时长，单位秒。
  "draw_time": 0.35,
  // 收枪的动作时长，单位秒。
  "put_away_time": 0.4,
  // 瞄准时长，单位秒。
  "aim_time": 0.2,
  // 疾跑状态切换时长，单位秒。
  "sprint_time": 0.3,
  // 开火模式
  "fire_mode": [
    "semi"
  ],
  // 后坐力，pitch 和yaw 分别至少需要两个关键帧
  "recoil": {
    "pitch": [
      // time 表示关键帧在时间轴上的位置，value 表示随机取值的取值范围。
      {"time": 0, "value": [0.7, 0.7]},
      {"time": 0.25, "value": [0.7, 0.7]},
      {"time": 0.45, "value": [-0.175, -0.175]},
      {"time": 0.6, "value": [0, 0]}
    ],
    "yaw": [
      {"time": 0, "value": [-0.35, -0.15]},
      {"time": 0.25, "value": [-0.35, -0.15]},
      {"time": 0.45, "value": [0, 0]}
    ]
  },
   "allow_attachment_types": [
   "scope",
   "muzzle",
   "stock",
   "extended_mag"
   ],
  // 不准确度
  "inaccuracy": {
    // 站立射击散布
    "stand": 2,
    // 移动射击散布
    "move": 4,
    // 潜行射击散布
    "sneak": 1,
    // 趴下射击散布
    "lie": 0.5,
    // 瞄准射击时散布
    "aim": 0.2
  }
}