{
  // 指定枪械弹药，此处我们使用默认枪包中的 7.62x39mm 步枪弹。
  "ammo": "tacz:45acp",
    "ammo_amount": 30,
    "bolt": "open_bolt",
    "rpm": 450,
    "bullet": {
      "life": 0.7,
      "bullet_amount": 1,
      "damage": 7.4,
      "tracer_count_interval": 0,
      "extra_damage": {
        "armor_ignore": 0.25,
        "head_shot_multiplier": 1.2,
        "damage_adjust": [
          {"distance": 0.5, "damage": 7.6},
          {"distance": 14.5, "damage": 7.2},
          {"distance": 29.5, "damage": 5.8},
          {"distance": 49.5, "damage": 3.0},
          {"distance": "infinite", "damage": 2.5}
        ]
      },
      "speed": 190,
      "gravity": 0.0245,
      "knockback": 0,
      "friction": 0.012,
      "ignite": false,
      "pierce": 1
    },
    "reload": {
      "type": "magazine",
      "feed": {
        "empty": 2.5,
        "tactical": 2.00
      },
      "cooldown": {
        "empty": 2.7,
        "tactical": 2.20
      }
    },
    "draw_time": 0.35,
    "put_away_time": 0.4,
    "aim_time": 0.2,
    "sprint_time": 0.2,
    "fire_mode": [
      "auto"
    ],
    "recoil": {
      "pitch": [
        {"time": 0, "value": [0.725, 0.725]},
        {"time": 0.3, "value": [0.725, 0.725]},
        {"time": 0.5, "value": [-0.125, -0.125]},
        {"time": 0.65, "value": [0, 0]}
      ],
      "yaw": [
        {"time": 0, "value": [0.3, 0.42]},
        {"time": 0.3, "value": [0.3, 0.42]},
        {"time": 0.5, "value": [0, 0]}
      ]
    },
    "hurt_bob_tweak_multiplier": 0.05,
    "inaccuracy": {
      "stand": 7.2,
      "move": 8.6,
      "sneak": 6.2,
      "lie": 3.5,
      "aim": 0.175
    },
    "allow_attachment_types": [
      "stock"
    ],
    "exclusive_attachments": {
      "tacz:oem_stock_light": {
        "weight": 2.0,
        "ads_addend": 0.04,
        "inaccuracy_addend": -0.4,
        "recoil_modifier": {
          "pitch": -0.2,
          "yaw": -0.1
        }
      }
    }
  }