{
	"format_version": "1.12.0",
	"minecraft:geometry": [
		{
			"description": {
				"identifier": "geometry.rpg7 - Converted",
				"texture_width": 64,
				"texture_height": 64,
				"visible_bounds_width": 5,
				"visible_bounds_height": 2.5,
				"visible_bounds_offset": [0, 0.75, 0]
			},
			"bones": [
				{
					"name": "root",
					"pivot": [0, 3, -2]
				},
				{
					"name": "mag_hand",
					"parent": "root",
					"pivot": [0, 5.5, -8.15]
				},
				{
					"name": "rocket",
					"parent": "mag_hand",
					"pivot": [0, 2, 0]
				},
				{
					"name": "rocket_head",
					"parent": "rocket",
					"pivot": [0, 2.45313, -15.375],
					"cubes": [
						{
							"origin": [-0.25, 1.59657, -13.225],
							"size": [0.5, 1.70685, 4.2],
							"pivot": [0, 2.45, -11.125],
							"rotation": [-45, -90, 0],
							"uv": {
								"north": {"uv": [16, 30], "uv_size": [0.5, 1.6875]},
								"east": {"uv": [8, 8], "uv_size": [4.1875, 1.6875]},
								"south": {"uv": [30, 16], "uv_size": [0.5, 1.6875]},
								"west": {"uv": [8, 10], "uv_size": [4.1875, 1.6875]},
								"up": {"uv": [2, 22], "uv_size": [0.5, 4.1875]},
								"down": {"uv": [3, 26.1875], "uv_size": [0.5, -4.1875]}
							}
						},
						{
							"origin": [-0.25, 1.59657, -13.225],
							"size": [0.5, 1.70685, 4.2],
							"pivot": [0, 2.45, -11.125],
							"rotation": [0, -90, 0],
							"uv": {
								"north": {"uv": [17, 30], "uv_size": [0.5, 1.6875]},
								"east": {"uv": [8, 12], "uv_size": [4.1875, 1.6875]},
								"south": {"uv": [30, 18], "uv_size": [0.5, 1.6875]},
								"west": {"uv": [13, 8], "uv_size": [4.1875, 1.6875]},
								"up": {"uv": [4, 22], "uv_size": [0.5, 4.1875]},
								"down": {"uv": [5, 26.1875], "uv_size": [0.5, -4.1875]}
							}
						},
						{
							"origin": [0.96916, 1.86617, -11.5963],
							"size": [0.5, 0.90685, 3],
							"pivot": [0.04263, 2.6946, -9.66808],
							"rotation": [7.5, -20, 0],
							"uv": {
								"north": {"uv": [31, 10], "uv_size": [0.5, 0.9375]},
								"east": {"uv": [18, 16], "uv_size": [3, 0.9375]},
								"south": {"uv": [31, 11], "uv_size": [0.5, 0.9375]},
								"west": {"uv": [18, 17], "uv_size": [3, 0.9375]},
								"up": {"uv": [24, 25], "uv_size": [0.5, 3]},
								"down": {"uv": [25, 28], "uv_size": [0.5, -3]}
							}
						},
						{
							"origin": [0.49682, 1.45, -12.78603],
							"size": [0.5, 2, 0.82843],
							"pivot": [0, 2.45, -12.37182],
							"rotation": [0, 90, 0],
							"uv": {
								"north": {"uv": [23, 29], "uv_size": [0.5, 2]},
								"east": {"uv": [10, 25], "uv_size": [0.8125, 2]},
								"south": {"uv": [29, 24], "uv_size": [0.5, 2]},
								"west": {"uv": [11, 25], "uv_size": [0.8125, 2]},
								"up": {"uv": [33, 0], "uv_size": [0.5, 0.8125]},
								"down": {"uv": [1, 33.8125], "uv_size": [0.5, -0.8125]}
							}
						},
						{
							"origin": [0.49682, 1.45, -12.78603],
							"size": [0.5, 2, 0.82843],
							"pivot": [0, 2.45, -12.37182],
							"rotation": [0, 90, 45],
							"uv": {
								"north": {"uv": [22, 29], "uv_size": [0.5, 2]},
								"east": {"uv": [25, 0], "uv_size": [0.8125, 2]},
								"south": {"uv": [29, 22], "uv_size": [0.5, 2]},
								"west": {"uv": [25, 8], "uv_size": [0.8125, 2]},
								"up": {"uv": [32, 32], "uv_size": [0.5, 0.8125]},
								"down": {"uv": [0, 33.8125], "uv_size": [0.5, -0.8125]}
							}
						},
						{
							"origin": [0.49682, 2.03579, -13.37182],
							"size": [0.5, 0.82843, 2],
							"pivot": [0, 2.45, -12.37182],
							"rotation": [0, 90, 0],
							"uv": {
								"north": {"uv": [31, 32], "uv_size": [0.5, 0.8125]},
								"east": {"uv": [24, 23], "uv_size": [2, 0.8125]},
								"south": {"uv": [32, 31], "uv_size": [0.5, 0.8125]},
								"west": {"uv": [24, 24], "uv_size": [2, 0.8125]},
								"up": {"uv": [29, 20], "uv_size": [0.5, 2]},
								"down": {"uv": [21, 31], "uv_size": [0.5, -2]}
							}
						},
						{
							"origin": [0.49682, 2.03579, -13.37182],
							"size": [0.5, 0.82843, 2],
							"pivot": [0, 2.45, -12.37182],
							"rotation": [0, 90, 45],
							"uv": {
								"north": {"uv": [30, 32], "uv_size": [0.5, 0.8125]},
								"east": {"uv": [22, 24], "uv_size": [2, 0.8125]},
								"south": {"uv": [32, 30], "uv_size": [0.5, 0.8125]},
								"west": {"uv": [24, 22], "uv_size": [2, 0.8125]},
								"up": {"uv": [19, 29], "uv_size": [0.5, 2]},
								"down": {"uv": [20, 31], "uv_size": [0.5, -2]}
							}
						},
						{
							"origin": [0.69426, 1.96364, -14.02441],
							"size": [0.5, 0.90685, 2],
							"pivot": [0, 2.45, -12.37182],
							"rotation": [-172.5, 20, -45],
							"uv": {
								"north": {"uv": [32, 21], "uv_size": [0.5, 0.9375]},
								"east": {"uv": [24, 12], "uv_size": [2, 0.9375]},
								"south": {"uv": [22, 32], "uv_size": [0.5, 0.9375]},
								"west": {"uv": [24, 13], "uv_size": [2, 0.9375]},
								"up": {"uv": [18, 29], "uv_size": [0.5, 2]},
								"down": {"uv": [29, 20], "uv_size": [0.5, -2]}
							}
						},
						{
							"origin": [0.69426, 2.0295, -14.02441],
							"size": [0.5, 0.90685, 2],
							"pivot": [0, 2.45, -12.37182],
							"rotation": [172.5, 20, -135],
							"uv": {
								"north": {"uv": [32, 20], "uv_size": [0.5, 0.9375]},
								"east": {"uv": [24, 11], "uv_size": [2, 0.9375]},
								"south": {"uv": [21, 32], "uv_size": [0.5, 0.9375]},
								"west": {"uv": [12, 24], "uv_size": [2, 0.9375]},
								"up": {"uv": [15, 29], "uv_size": [0.5, 2]},
								"down": {"uv": [29, 18], "uv_size": [0.5, -2]}
							}
						},
						{
							"origin": [0.69426, 1.96364, -14.02441],
							"size": [0.5, 0.90685, 2],
							"pivot": [0, 2.45, -12.37182],
							"rotation": [-172.5, 20, -135],
							"uv": {
								"north": {"uv": [32, 19], "uv_size": [0.5, 0.9375]},
								"east": {"uv": [10, 24], "uv_size": [2, 0.9375]},
								"south": {"uv": [20, 32], "uv_size": [0.5, 0.9375]},
								"west": {"uv": [24, 10], "uv_size": [2, 0.9375]},
								"up": {"uv": [14, 29], "uv_size": [0.5, 2]},
								"down": {"uv": [29, 16], "uv_size": [0.5, -2]}
							}
						},
						{
							"origin": [0.69426, 2.0295, -14.02441],
							"size": [0.5, 0.90685, 2],
							"pivot": [0, 2.45, -12.37182],
							"rotation": [172.5, 20, -45],
							"uv": {
								"north": {"uv": [32, 18], "uv_size": [0.5, 0.9375]},
								"east": {"uv": [23, 21], "uv_size": [2, 0.9375]},
								"south": {"uv": [19, 32], "uv_size": [0.5, 0.9375]},
								"west": {"uv": [22, 23], "uv_size": [2, 0.9375]},
								"up": {"uv": [29, 12], "uv_size": [0.5, 2]},
								"down": {"uv": [13, 31], "uv_size": [0.5, -2]}
							}
						},
						{
							"origin": [0.69426, 1.96364, -14.02441],
							"size": [0.5, 0.90685, 2],
							"pivot": [0, 2.45, -12.37182],
							"rotation": [-172.5, 20, 45],
							"uv": {
								"north": {"uv": [32, 17], "uv_size": [0.5, 0.9375]},
								"east": {"uv": [20, 23], "uv_size": [2, 0.9375]},
								"south": {"uv": [18, 32], "uv_size": [0.5, 0.9375]},
								"west": {"uv": [23, 20], "uv_size": [2, 0.9375]},
								"up": {"uv": [29, 10], "uv_size": [0.5, 2]},
								"down": {"uv": [12, 31], "uv_size": [0.5, -2]}
							}
						},
						{
							"origin": [0.69426, 2.0295, -14.02441],
							"size": [0.5, 0.90685, 2],
							"pivot": [0, 2.45, -12.37182],
							"rotation": [172.5, 20, 135],
							"uv": {
								"north": {"uv": [32, 16], "uv_size": [0.5, 0.9375]},
								"east": {"uv": [18, 23], "uv_size": [2, 0.9375]},
								"south": {"uv": [17, 32], "uv_size": [0.5, 0.9375]},
								"west": {"uv": [23, 19], "uv_size": [2, 0.9375]},
								"up": {"uv": [29, 6], "uv_size": [0.5, 2]},
								"down": {"uv": [29, 10], "uv_size": [0.5, -2]}
							}
						},
						{
							"origin": [0.69426, 1.96364, -14.02441],
							"size": [0.5, 0.90685, 2],
							"pivot": [0, 2.45, -12.37182],
							"rotation": [-172.5, 20, 135],
							"uv": {
								"north": {"uv": [15, 32], "uv_size": [0.5, 0.9375]},
								"east": {"uv": [23, 15], "uv_size": [2, 0.9375]},
								"south": {"uv": [16, 32], "uv_size": [0.5, 0.9375]},
								"west": {"uv": [16, 23], "uv_size": [2, 0.9375]},
								"up": {"uv": [29, 2], "uv_size": [0.5, 2]},
								"down": {"uv": [29, 6], "uv_size": [0.5, -2]}
							}
						},
						{
							"origin": [0.69426, 2.0295, -14.02441],
							"size": [0.5, 0.90685, 2],
							"pivot": [0, 2.45, -12.37182],
							"rotation": [172.5, 20, 45],
							"uv": {
								"north": {"uv": [13, 32], "uv_size": [0.5, 0.9375]},
								"east": {"uv": [14, 23], "uv_size": [2, 0.9375]},
								"south": {"uv": [14, 32], "uv_size": [0.5, 0.9375]},
								"west": {"uv": [23, 14], "uv_size": [2, 0.9375]},
								"up": {"uv": [28, 27], "uv_size": [0.5, 2]},
								"down": {"uv": [29, 2], "uv_size": [0.5, -2]}
							}
						},
						{
							"origin": [0.69426, 2.0295, -14.02441],
							"size": [0.5, 0.90685, 2],
							"pivot": [0, 2.45, -12.37182],
							"rotation": [172.5, 20, 0],
							"uv": {
								"north": {"uv": [32, 11], "uv_size": [0.5, 0.9375]},
								"east": {"uv": [10, 23], "uv_size": [2, 0.9375]},
								"south": {"uv": [12, 32], "uv_size": [0.5, 0.9375]},
								"west": {"uv": [12, 23], "uv_size": [2, 0.9375]},
								"up": {"uv": [28, 25], "uv_size": [0.5, 2]},
								"down": {"uv": [26, 30], "uv_size": [0.5, -2]}
							}
						},
						{
							"origin": [0.69426, 2.0295, -14.02441],
							"size": [0.5, 0.90685, 2],
							"pivot": [0, 2.45, -12.37182],
							"rotation": [172.5, 20, -90],
							"uv": {
								"north": {"uv": [32, 10], "uv_size": [0.5, 0.9375]},
								"east": {"uv": [23, 8], "uv_size": [2, 0.9375]},
								"south": {"uv": [11, 32], "uv_size": [0.5, 0.9375]},
								"west": {"uv": [23, 9], "uv_size": [2, 0.9375]},
								"up": {"uv": [24, 28], "uv_size": [0.5, 2]},
								"down": {"uv": [25, 30], "uv_size": [0.5, -2]}
							}
						},
						{
							"origin": [0.69426, 2.0295, -14.02441],
							"size": [0.5, 0.90685, 2],
							"pivot": [0, 2.45, -12.37182],
							"rotation": [172.5, 20, -180],
							"uv": {
								"north": {"uv": [32, 9], "uv_size": [0.5, 0.9375]},
								"east": {"uv": [20, 22], "uv_size": [2, 0.9375]},
								"south": {"uv": [10, 32], "uv_size": [0.5, 0.9375]},
								"west": {"uv": [22, 22], "uv_size": [2, 0.9375]},
								"up": {"uv": [28, 21], "uv_size": [0.5, 2]},
								"down": {"uv": [28, 25], "uv_size": [0.5, -2]}
							}
						},
						{
							"origin": [0.69426, 2.0295, -14.02441],
							"size": [0.5, 0.90685, 2],
							"pivot": [0, 2.45, -12.37182],
							"rotation": [172.5, 20, 90],
							"uv": {
								"north": {"uv": [8, 32], "uv_size": [0.5, 0.9375]},
								"east": {"uv": [16, 22], "uv_size": [2, 0.9375]},
								"south": {"uv": [32, 8], "uv_size": [0.5, 0.9375]},
								"west": {"uv": [18, 22], "uv_size": [2, 0.9375]},
								"up": {"uv": [28, 17], "uv_size": [0.5, 2]},
								"down": {"uv": [28, 21], "uv_size": [0.5, -2]}
							}
						},
						{
							"origin": [0.69426, 1.96364, -14.02441],
							"size": [0.5, 0.90685, 2],
							"pivot": [0, 2.45, -12.37182],
							"rotation": [-172.5, 20, 0],
							"uv": {
								"north": {"uv": [7, 32], "uv_size": [0.5, 0.9375]},
								"east": {"uv": [22, 13], "uv_size": [2, 0.9375]},
								"south": {"uv": [32, 7], "uv_size": [0.5, 0.9375]},
								"west": {"uv": [14, 22], "uv_size": [2, 0.9375]},
								"up": {"uv": [16, 28], "uv_size": [0.5, 2]},
								"down": {"uv": [17, 30], "uv_size": [0.5, -2]}
							}
						},
						{
							"origin": [0.69426, 1.96364, -14.02441],
							"size": [0.5, 0.90685, 2],
							"pivot": [0, 2.45, -12.37182],
							"rotation": [-172.5, 20, 90],
							"uv": {
								"north": {"uv": [6, 32], "uv_size": [0.5, 0.9375]},
								"east": {"uv": [12, 22], "uv_size": [2, 0.9375]},
								"south": {"uv": [32, 6], "uv_size": [0.5, 0.9375]},
								"west": {"uv": [22, 12], "uv_size": [2, 0.9375]},
								"up": {"uv": [28, 10], "uv_size": [0.5, 2]},
								"down": {"uv": [11, 30], "uv_size": [0.5, -2]}
							}
						},
						{
							"origin": [0.69426, 1.96364, -14.02441],
							"size": [0.5, 0.90685, 2],
							"pivot": [0, 2.45, -12.37182],
							"rotation": [-172.5, 20, -90],
							"uv": {
								"north": {"uv": [2, 32], "uv_size": [0.5, 0.9375]},
								"east": {"uv": [22, 10], "uv_size": [2, 0.9375]},
								"south": {"uv": [32, 2], "uv_size": [0.5, 0.9375]},
								"west": {"uv": [22, 11], "uv_size": [2, 0.9375]},
								"up": {"uv": [28, 8], "uv_size": [0.5, 2]},
								"down": {"uv": [10, 30], "uv_size": [0.5, -2]}
							}
						},
						{
							"origin": [0.69426, 1.96364, -14.02441],
							"size": [0.5, 0.90685, 2],
							"pivot": [0, 2.45, -12.37182],
							"rotation": [-172.5, 20, -180],
							"uv": {
								"north": {"uv": [1, 32], "uv_size": [0.5, 0.9375]},
								"east": {"uv": [11, 19], "uv_size": [2, 0.9375]},
								"south": {"uv": [32, 1], "uv_size": [0.5, 0.9375]},
								"west": {"uv": [10, 22], "uv_size": [2, 0.9375]},
								"up": {"uv": [28, 4], "uv_size": [0.5, 2]},
								"down": {"uv": [28, 8], "uv_size": [0.5, -2]}
							}
						},
						{
							"origin": [1.02668, 2.17966, -11.11864],
							"size": [0.5, 0.90685, 3],
							"pivot": [1.27668, 2.63309, -9.61864],
							"rotation": [-7.5, -20, 0],
							"uv": {
								"north": {"uv": [19, 31], "uv_size": [0.5, 0.9375]},
								"east": {"uv": [14, 19], "uv_size": [3, 0.9375]},
								"south": {"uv": [31, 19], "uv_size": [0.5, 0.9375]},
								"west": {"uv": [17, 19], "uv_size": [3, 0.9375]},
								"up": {"uv": [18, 26], "uv_size": [0.5, 3]},
								"down": {"uv": [19, 29], "uv_size": [0.5, -3]}
							}
						},
						{
							"origin": [-0.25, 1.45, -8.53921],
							"size": [0.5, 2, 0.82843],
							"pivot": [0, 2.45, -8.125],
							"rotation": [0, -90, 0],
							"uv": {
								"north": {"uv": [28, 0], "uv_size": [0.5, 2]},
								"east": {"uv": [20, 24], "uv_size": [0.8125, 2]},
								"south": {"uv": [28, 2], "uv_size": [0.5, 2]},
								"west": {"uv": [21, 24], "uv_size": [0.8125, 2]},
								"up": {"uv": [32, 28], "uv_size": [0.5, 0.8125]},
								"down": {"uv": [32, 29.8125], "uv_size": [0.5, -0.8125]}
							}
						},
						{
							"origin": [0, 3.05, -7.68921],
							"size": [0.25, 0.4, 0.12843],
							"pivot": [0, 2.45, -7.875],
							"rotation": [0, -90, 0],
							"uv": {
								"north": {"uv": [35, 22], "uv_size": [0.25, 0.375]},
								"east": {"uv": [2, 36], "uv_size": [0.125, 0.375]},
								"south": {"uv": [35, 23], "uv_size": [0.25, 0.375]},
								"west": {"uv": [36, 2], "uv_size": [0.125, 0.375]},
								"up": {"uv": [36, 34], "uv_size": [0.25, 0.125]},
								"down": {"uv": [35, 36.125], "uv_size": [0.25, -0.125]}
							}
						},
						{
							"origin": [0, 3.05, -8.18921],
							"size": [0.25, 0.4, 0.12843],
							"pivot": [0, 2.45, -7.875],
							"rotation": [0, -90, 0],
							"uv": {
								"north": {"uv": [35, 24], "uv_size": [0.25, 0.375]},
								"east": {"uv": [3, 36], "uv_size": [0.125, 0.375]},
								"south": {"uv": [35, 25], "uv_size": [0.25, 0.375]},
								"west": {"uv": [36, 3], "uv_size": [0.125, 0.375]},
								"up": {"uv": [36, 35], "uv_size": [0.25, 0.125]},
								"down": {"uv": [36, 36.125], "uv_size": [0.25, -0.125]}
							}
						},
						{
							"origin": [-0.25, 1.45, -8.53921],
							"size": [0.5, 2, 0.82843],
							"pivot": [0, 2.45, -8.125],
							"rotation": [-45, -90, 0],
							"uv": {
								"north": {"uv": [27, 25], "uv_size": [0.5, 2]},
								"east": {"uv": [18, 24], "uv_size": [0.8125, 2]},
								"south": {"uv": [27, 27], "uv_size": [0.5, 2]},
								"west": {"uv": [19, 24], "uv_size": [0.8125, 2]},
								"up": {"uv": [32, 27], "uv_size": [0.5, 0.8125]},
								"down": {"uv": [28, 32.8125], "uv_size": [0.5, -0.8125]}
							}
						},
						{
							"origin": [-0.25, 2.03579, -9.125],
							"size": [0.5, 0.82843, 2],
							"pivot": [0, 2.45, -8.125],
							"rotation": [0, -90, 0],
							"uv": {
								"north": {"uv": [32, 26], "uv_size": [0.5, 0.8125]},
								"east": {"uv": [24, 16], "uv_size": [2, 0.8125]},
								"south": {"uv": [27, 32], "uv_size": [0.5, 0.8125]},
								"west": {"uv": [24, 17], "uv_size": [2, 0.8125]},
								"up": {"uv": [27, 21], "uv_size": [0.5, 2]},
								"down": {"uv": [27, 25], "uv_size": [0.5, -2]}
							}
						},
						{
							"origin": [-0.25, 2.03579, -9.125],
							"size": [0.5, 0.82843, 2],
							"pivot": [0, 2.45, -8.125],
							"rotation": [-45, -90, 0],
							"uv": {
								"north": {"uv": [23, 32], "uv_size": [0.5, 0.8125]},
								"east": {"uv": [14, 24], "uv_size": [2, 0.8125]},
								"south": {"uv": [24, 32], "uv_size": [0.5, 0.8125]},
								"west": {"uv": [16, 24], "uv_size": [2, 0.8125]},
								"up": {"uv": [26, 0], "uv_size": [0.5, 2]},
								"down": {"uv": [27, 19], "uv_size": [0.5, -2]}
							}
						},
						{
							"origin": [0.68191, 1.6642, -11.5963],
							"size": [0.5, 0.90685, 3],
							"pivot": [-0.24461, 2.49264, -9.66808],
							"rotation": [7.5, -20, -90],
							"uv": {
								"north": {"uv": [12, 31], "uv_size": [0.5, 0.9375]},
								"east": {"uv": [18, 18], "uv_size": [3, 0.9375]},
								"south": {"uv": [13, 31], "uv_size": [0.5, 0.9375]},
								"west": {"uv": [0, 19], "uv_size": [3, 0.9375]},
								"up": {"uv": [26, 8], "uv_size": [0.5, 3]},
								"down": {"uv": [26, 14], "uv_size": [0.5, -3]}
							}
						},
						{
							"origin": [0.70691, 1.6642, -11.0963],
							"size": [0.5, 0.90685, 1.5],
							"pivot": [-0.24461, 2.49264, -9.66808],
							"rotation": [7.5, -20, -90],
							"uv": {
								"north": {"uv": [12, 31], "uv_size": [0.5, 0.9375]},
								"east": {"uv": [18, 18], "uv_size": [3, 0.9375]},
								"south": {"uv": [13, 31], "uv_size": [0.5, 0.9375]},
								"west": {"uv": [8.3125, 39], "uv_size": [1.5, 0.875]},
								"up": {"uv": [26, 8], "uv_size": [0.5, 3]},
								"down": {"uv": [26, 14], "uv_size": [0.5, -3]}
							}
						},
						{
							"origin": [1.17114, 2.4142, -11.5963],
							"size": [0.5, 0.90685, 3],
							"pivot": [0.2446, 2.49263, -9.66808],
							"rotation": [-7.5, -20, -90],
							"uv": {
								"north": {"uv": [20, 31], "uv_size": [0.5, 0.9375]},
								"east": {"uv": [0, 20], "uv_size": [3, 0.9375]},
								"south": {"uv": [31, 20], "uv_size": [0.5, 0.9375]},
								"west": {"uv": [3, 20], "uv_size": [3, 0.9375]},
								"up": {"uv": [20, 26], "uv_size": [0.5, 3]},
								"down": {"uv": [21, 29], "uv_size": [0.5, -3]}
							}
						},
						{
							"origin": [0.88385, 1.37698, -11.59629],
							"size": [0.5, 0.90685, 3],
							"pivot": [-0.04266, 2.20541, -9.66808],
							"rotation": [7.5, -20, 180],
							"uv": {
								"north": {"uv": [31, 16], "uv_size": [0.5, 0.9375]},
								"east": {"uv": [19, 10], "uv_size": [3, 0.9375]},
								"south": {"uv": [31, 17], "uv_size": [0.5, 0.9375]},
								"west": {"uv": [19, 11], "uv_size": [3, 0.9375]},
								"up": {"uv": [14, 26], "uv_size": [0.5, 3]},
								"down": {"uv": [26, 17], "uv_size": [0.5, -3]}
							}
						},
						{
							"origin": [0.88391, 2.61617, -11.5963],
							"size": [0.5, 0.90685, 3],
							"pivot": [-0.04263, 2.6946, -9.66808],
							"rotation": [-7.5, -20, 180],
							"uv": {
								"north": {"uv": [21, 31], "uv_size": [0.5, 0.9375]},
								"east": {"uv": [8, 20], "uv_size": [3, 0.9375]},
								"south": {"uv": [31, 21], "uv_size": [0.5, 0.9375]},
								"west": {"uv": [20, 8], "uv_size": [3, 0.9375]},
								"up": {"uv": [22, 26], "uv_size": [0.5, 3]},
								"down": {"uv": [26, 25], "uv_size": [0.5, -3]}
							}
						},
						{
							"origin": [0.7234, 1.47874, -11.5963],
							"size": [0.5, 0.90685, 3],
							"pivot": [-0.20312, 2.30719, -9.66808],
							"rotation": [7.5, -20, -135],
							"uv": {
								"north": {"uv": [0, 32], "uv_size": [0.5, 0.9375]},
								"east": {"uv": [21, 16], "uv_size": [3, 0.9375]},
								"south": {"uv": [32, 0], "uv_size": [0.5, 0.9375]},
								"west": {"uv": [21, 17], "uv_size": [3, 0.9375]},
								"up": {"uv": [9, 27], "uv_size": [0.5, 3]},
								"down": {"uv": [27, 12], "uv_size": [0.5, -3]}
							}
						},
						{
							"origin": [1.12964, 2.22876, -11.5963],
							"size": [0.5, 0.90685, 3],
							"pivot": [0.2031, 2.30718, -9.66808],
							"rotation": [-7.5, -20, -45],
							"uv": {
								"north": {"uv": [31, 30], "uv_size": [0.5, 0.9375]},
								"east": {"uv": [12, 21], "uv_size": [3, 0.9375]},
								"south": {"uv": [31, 31], "uv_size": [0.5, 0.9375]},
								"west": {"uv": [15, 21], "uv_size": [3, 0.9375]},
								"up": {"uv": [7, 27], "uv_size": [0.5, 3]},
								"down": {"uv": [8, 30], "uv_size": [0.5, -3]}
							}
						},
						{
							"origin": [1.15464, 2.22876, -11.0963],
							"size": [0.5, 0.90685, 1.5],
							"pivot": [0.2031, 2.30718, -9.66808],
							"rotation": [-7.5, -20, -45],
							"uv": {
								"north": {"uv": [31, 30], "uv_size": [0.5, 0.9375]},
								"east": {"uv": [12, 21], "uv_size": [3, 0.9375]},
								"south": {"uv": [31, 31], "uv_size": [0.5, 0.9375]},
								"west": {"uv": [8.3125, 37.78125], "uv_size": [1.46875, 1.21875]},
								"up": {"uv": [7, 27], "uv_size": [0.5, 3]},
								"down": {"uv": [8, 30], "uv_size": [0.5, -3]}
							}
						},
						{
							"origin": [0.78372, 1.82467, -11.5963],
							"size": [0.5, 0.90685, 3],
							"pivot": [-0.14282, 2.6531, -9.66808],
							"rotation": [7.5, -20, -45],
							"uv": {
								"north": {"uv": [31, 28], "uv_size": [0.5, 0.9375]},
								"east": {"uv": [6, 21], "uv_size": [3, 0.9375]},
								"south": {"uv": [31, 29], "uv_size": [0.5, 0.9375]},
								"west": {"uv": [9, 21], "uv_size": [3, 0.9375]},
								"up": {"uv": [6, 27], "uv_size": [0.5, 3]},
								"down": {"uv": [27, 9], "uv_size": [0.5, -3]}
							}
						},
						{
							"origin": [1.06935, 2.57467, -11.5963],
							"size": [0.5, 0.90685, 3],
							"pivot": [0.14282, 2.6531, -9.66808],
							"rotation": [-7.5, -20, -135],
							"uv": {
								"north": {"uv": [31, 27], "uv_size": [0.5, 0.9375]},
								"east": {"uv": [0, 21], "uv_size": [3, 0.9375]},
								"south": {"uv": [28, 31], "uv_size": [0.5, 0.9375]},
								"west": {"uv": [3, 21], "uv_size": [3, 0.9375]},
								"up": {"uv": [4, 27], "uv_size": [0.5, 3]},
								"down": {"uv": [5, 30], "uv_size": [0.5, -3]}
							}
						},
						{
							"origin": [1.06929, 1.41845, -11.59629],
							"size": [0.5, 0.90685, 3],
							"pivot": [0.14279, 2.24688, -9.66808],
							"rotation": [7.5, -20, 135],
							"uv": {
								"north": {"uv": [31, 26], "uv_size": [0.5, 0.9375]},
								"east": {"uv": [20, 19], "uv_size": [3, 0.9375]},
								"south": {"uv": [27, 31], "uv_size": [0.5, 0.9375]},
								"west": {"uv": [20, 20], "uv_size": [3, 0.9375]},
								"up": {"uv": [3, 27], "uv_size": [0.5, 3]},
								"down": {"uv": [27, 6], "uv_size": [0.5, -3]}
							}
						},
						{
							"origin": [0.78372, 2.16848, -11.5963],
							"size": [0.5, 0.90685, 3],
							"pivot": [-0.14282, 2.2469, -9.66808],
							"rotation": [-7.5, -20, 45],
							"uv": {
								"north": {"uv": [31, 24], "uv_size": [0.5, 0.9375]},
								"east": {"uv": [20, 15], "uv_size": [3, 0.9375]},
								"south": {"uv": [31, 25], "uv_size": [0.5, 0.9375]},
								"west": {"uv": [17, 20], "uv_size": [3, 0.9375]},
								"up": {"uv": [1, 27], "uv_size": [0.5, 3]},
								"down": {"uv": [2, 30], "uv_size": [0.5, -3]}
							}
						},
						{
							"origin": [1.12962, 1.76438, -11.59629],
							"size": [0.5, 0.90685, 3],
							"pivot": [0.2031, 2.59279, -9.66808],
							"rotation": [7.5, -20, 45],
							"uv": {
								"north": {"uv": [23, 31], "uv_size": [0.5, 0.9375]},
								"east": {"uv": [14, 20], "uv_size": [3, 0.9375]},
								"south": {"uv": [31, 23], "uv_size": [0.5, 0.9375]},
								"west": {"uv": [20, 14], "uv_size": [3, 0.9375]},
								"up": {"uv": [0, 27], "uv_size": [0.5, 3]},
								"down": {"uv": [27, 3], "uv_size": [0.5, -3]}
							}
						},
						{
							"origin": [0.72344, 2.51439, -11.5963],
							"size": [0.5, 0.90685, 3],
							"pivot": [-0.2031, 2.59282, -9.66808],
							"rotation": [-7.5, -20, 135],
							"uv": {
								"north": {"uv": [22, 31], "uv_size": [0.5, 0.9375]},
								"east": {"uv": [20, 9], "uv_size": [3, 0.9375]},
								"south": {"uv": [31, 22], "uv_size": [0.5, 0.9375]},
								"west": {"uv": [11, 20], "uv_size": [3, 0.9375]},
								"up": {"uv": [23, 26], "uv_size": [0.5, 3]},
								"down": {"uv": [26, 28], "uv_size": [0.5, -3]}
							}
						},
						{
							"origin": [1.1711, 1.57895, -11.59629],
							"size": [0.5, 0.90685, 3],
							"pivot": [0.24458, 2.40736, -9.66808],
							"rotation": [7.5, -20, 90],
							"uv": {
								"north": {"uv": [14, 31], "uv_size": [0.5, 0.9375]},
								"east": {"uv": [3, 19], "uv_size": [3, 0.9375]},
								"south": {"uv": [15, 31], "uv_size": [0.5, 0.9375]},
								"west": {"uv": [8, 19], "uv_size": [3, 0.9375]},
								"up": {"uv": [12, 26], "uv_size": [0.5, 3]},
								"down": {"uv": [13, 29], "uv_size": [0.5, -3]}
							}
						},
						{
							"origin": [0.68194, 2.32895, -11.5963],
							"size": [0.5, 0.90685, 3],
							"pivot": [-0.2446, 2.40737, -9.66808],
							"rotation": [-7.5, -20, 90],
							"uv": {
								"north": {"uv": [18, 31], "uv_size": [0.5, 0.9375]},
								"east": {"uv": [19, 12], "uv_size": [3, 0.9375]},
								"south": {"uv": [31, 18], "uv_size": [0.5, 0.9375]},
								"west": {"uv": [19, 13], "uv_size": [3, 0.9375]},
								"up": {"uv": [15, 26], "uv_size": [0.5, 3]},
								"down": {"uv": [26, 20], "uv_size": [0.5, -3]}
							}
						},
						{
							"origin": [-0.25, 0.35, -11.97843],
							"size": [0.5, 4.2, 1.70685],
							"pivot": [0, 2.45, -11.125],
							"rotation": [-45, -90, 0],
							"uv": {
								"north": {"uv": [6, 22], "uv_size": [0.5, 4.1875]},
								"east": {"uv": [13, 10], "uv_size": [1.6875, 4.1875]},
								"south": {"uv": [7, 22], "uv_size": [0.5, 4.1875]},
								"west": {"uv": [8, 14], "uv_size": [1.6875, 4.1875]},
								"up": {"uv": [30, 20], "uv_size": [0.5, 1.6875]},
								"down": {"uv": [30, 23.6875], "uv_size": [0.5, -1.6875]}
							}
						},
						{
							"origin": [-0.25, 0.35, -11.97843],
							"size": [0.5, 4.2, 1.70685],
							"pivot": [0, 2.45, -11.125],
							"rotation": [0, -90, 0],
							"uv": {
								"north": {"uv": [8, 22], "uv_size": [0.5, 4.1875]},
								"east": {"uv": [10, 14], "uv_size": [1.6875, 4.1875]},
								"south": {"uv": [9, 22], "uv_size": [0.5, 4.1875]},
								"west": {"uv": [15, 10], "uv_size": [1.6875, 4.1875]},
								"up": {"uv": [24, 30], "uv_size": [0.5, 1.6875]},
								"down": {"uv": [30, 25.6875], "uv_size": [0.5, -1.6875]}
							}
						}
					]
				},
				{
					"name": "octagon2",
					"parent": "rocket_head",
					"pivot": [0, 2.45, -6.875],
					"rotation": [0, 90, -22.5],
					"cubes": [
						{
							"origin": [-1, 2.13934, -7.625],
							"size": [2, 0.62132, 1.5],
							"pivot": [0, 2.45, -6.875],
							"rotation": [-45, 0, 0],
							"uv": {
								"north": {"uv": [26, 20], "uv_size": [2, 0.625]},
								"east": {"uv": [6, 30], "uv_size": [1.5, 0.625]},
								"south": {"uv": [10, 27], "uv_size": [2, 0.625]},
								"west": {"uv": [30, 6], "uv_size": [1.5, 0.625]},
								"up": {"uv": [14, 15], "uv_size": [2, 1.5]},
								"down": {"uv": [16, 16.5], "uv_size": [2, -1.5]}
							}
						},
						{
							"origin": [-1, 2.13934, -7.625],
							"size": [2, 0.62132, 1.5],
							"uv": {
								"north": {"uv": [27, 12], "uv_size": [2, 0.625]},
								"east": {"uv": [30, 7], "uv_size": [1.5, 0.625]},
								"south": {"uv": [27, 13], "uv_size": [2, 0.625]},
								"west": {"uv": [8, 30], "uv_size": [1.5, 0.625]},
								"up": {"uv": [17, 10], "uv_size": [2, 1.5]},
								"down": {"uv": [17, 13.5], "uv_size": [2, -1.5]}
							}
						},
						{
							"origin": [-1, 1.7, -7.18566],
							"size": [2, 1.5, 0.62132],
							"pivot": [0, 2.45, -6.875],
							"rotation": [-45, 0, 0],
							"uv": {
								"north": {"uv": [14, 17], "uv_size": [2, 1.5]},
								"east": {"uv": [30, 8], "uv_size": [0.625, 1.5]},
								"south": {"uv": [16, 17], "uv_size": [2, 1.5]},
								"west": {"uv": [10, 30], "uv_size": [0.625, 1.5]},
								"up": {"uv": [27, 14], "uv_size": [2, 0.625]},
								"down": {"uv": [27, 15.625], "uv_size": [2, -0.625]}
							}
						},
						{
							"origin": [-1, 1.7, -7.18566],
							"size": [2, 1.5, 0.62132],
							"uv": {
								"north": {"uv": [18, 8], "uv_size": [2, 1.5]},
								"east": {"uv": [30, 10], "uv_size": [0.625, 1.5]},
								"south": {"uv": [18, 14], "uv_size": [2, 1.5]},
								"west": {"uv": [11, 30], "uv_size": [0.625, 1.5]},
								"up": {"uv": [16, 27], "uv_size": [2, 0.625]},
								"down": {"uv": [27, 16.625], "uv_size": [2, -0.625]}
							}
						}
					]
				},
				{
					"name": "lefthand",
					"parent": "mag_hand",
					"pivot": [-6, 19, 0]
				},
				{
					"name": "lefthand_pos",
					"parent": "lefthand",
					"pivot": [0, 8, 0],
					"cubes": [
						{
							"origin": [-8, 8, -2],
							"size": [4, 12, 4],
							"uv": {
								"north": {"uv": [12, 0], "uv_size": [4, 12]},
								"east": {"uv": [4, 12], "uv_size": [4, 12]},
								"south": {"uv": [8, 12], "uv_size": [4, 12]},
								"west": {"uv": [12, 12], "uv_size": [4, 12]},
								"up": {"uv": [16, 8], "uv_size": [4, 4]},
								"down": {"uv": [16, 16], "uv_size": [4, -4]}
							}
						}
					]
				},
				{
					"name": "RPG",
					"parent": "root",
					"pivot": [0, 3, -2]
				},
				{
					"name": "constraint",
					"parent": "RPG",
					"pivot": [0.875, 8.4125, -7.75]
				},
				{
					"name": "righthand",
					"parent": "RPG",
					"pivot": [6, 19, 0]
				},
				{
					"name": "righthand_pos",
					"parent": "righthand",
					"pivot": [0, 8, 0],
					"cubes": [
						{
							"origin": [4, 8, -2],
							"size": [4, 12, 4],
							"uv": {
								"north": {"uv": [0, 0], "uv_size": [4, 12]},
								"east": {"uv": [4, 0], "uv_size": [4, 12]},
								"south": {"uv": [8, 0], "uv_size": [4, 12]},
								"west": {"uv": [0, 12], "uv_size": [4, 12]},
								"up": {"uv": [16, 0], "uv_size": [4, 4]},
								"down": {"uv": [16, 8], "uv_size": [4, -4]}
							}
						}
					]
				},
				{
					"name": "wood",
					"parent": "RPG",
					"pivot": [0, 8, 0]
				},
				{
					"name": "group2",
					"parent": "wood",
					"pivot": [0, 5.25, 7.75]
				},
				{
					"name": "trigger",
					"parent": "RPG",
					"pivot": [0, 2.95405, -3.04375]
				},
				{
					"name": "deco",
					"parent": "RPG",
					"pivot": [0, 5.25, 18.875]
				},
				{
					"name": "grip2",
					"parent": "RPG",
					"pivot": [0, 0.04072, 3.85377]
				},
				{
					"name": "grip",
					"parent": "RPG",
					"pivot": [0, 0.33895, -2.13802]
				},
				{
					"name": "Sight",
					"parent": "RPG",
					"pivot": [-0.875, 4.5, 0],
					"cubes": [
						{
							"origin": [-0.34173, 2.75313, -4.55],
							"size": [0.68346, 0.7, 4.05],
							"uv": {
								"north": {"uv": [17, 14], "uv_size": [0.6875, 0.6875]},
								"east": {"uv": [18, 21], "uv_size": [4.0625, 0.6875]},
								"south": {"uv": [27, 19], "uv_size": [0.6875, 0.6875]},
								"west": {"uv": [21, 18], "uv_size": [4.0625, 0.6875]},
								"up": {"uv": [0, 22], "uv_size": [0.6875, 4.0625]},
								"down": {"uv": [1, 26.0625], "uv_size": [0.6875, -4.0625]}
							}
						},
						{
							"origin": [-0.37519, 3.85019, -3.69304],
							"size": [0.75846, 0.05, 4.55],
							"pivot": [0.09154, 4.05019, -1.91804],
							"rotation": [-10, 0, 0],
							"uv": {
								"north": {"uv": [36, 0], "uv_size": [0.75, 0.0625]},
								"east": {"uv": [24, 33], "uv_size": [4.5625, 0.0625]},
								"south": {"uv": [36, 1], "uv_size": [0.75, 0.0625]},
								"west": {"uv": [33, 26], "uv_size": [4.5625, 0.0625]},
								"up": {"uv": [12, 14], "uv_size": [0.75, 4.5625]},
								"down": {"uv": [13, 19.5625], "uv_size": [0.75, -4.5625]}
							}
						},
						{
							"origin": [0.15927, 3.25413, -0.949],
							"size": [0.18146, 0.32049, 0.29371],
							"pivot": [0.125, 3.32813, -0.725],
							"rotation": [-45, 0, 0],
							"uv": {
								"north": {"uv": [35, 28], "uv_size": [0.1875, 0.3125]},
								"east": {"uv": [35, 14], "uv_size": [0.3125, 0.3125]},
								"south": {"uv": [35, 29], "uv_size": [0.1875, 0.3125]},
								"west": {"uv": [35, 15], "uv_size": [0.3125, 0.3125]},
								"up": {"uv": [30, 35], "uv_size": [0.1875, 0.3125]},
								"down": {"uv": [35, 30.3125], "uv_size": [0.1875, -0.3125]}
							}
						},
						{
							"origin": [0.16027, 3.33276, -3.3461],
							"size": [0.18146, 0.32049, 0.69371],
							"pivot": [0.126, 3.40676, -2.7221],
							"rotation": [20, 0, 0],
							"uv": {
								"north": {"uv": [31, 35], "uv_size": [0.1875, 0.3125]},
								"east": {"uv": [32, 33], "uv_size": [0.6875, 0.3125]},
								"south": {"uv": [35, 31], "uv_size": [0.1875, 0.3125]},
								"west": {"uv": [33, 33], "uv_size": [0.6875, 0.3125]},
								"up": {"uv": [34, 9], "uv_size": [0.1875, 0.6875]},
								"down": {"uv": [34, 21.6875], "uv_size": [0.1875, -0.6875]}
							}
						},
						{
							"origin": [0.15827, 3.45313, -2.7409],
							"size": [0.18346, 0.2091, 1.2318],
							"uv": {
								"north": {"uv": [36, 30], "uv_size": [0.1875, 0.1875]},
								"east": {"uv": [35, 7], "uv_size": [0.5625, 0.1875]},
								"south": {"uv": [31, 36], "uv_size": [0.1875, 0.1875]},
								"west": {"uv": [35, 8], "uv_size": [0.5625, 0.1875]},
								"up": {"uv": [9, 35], "uv_size": [0.1875, 0.5625]},
								"down": {"uv": [35, 9.5625], "uv_size": [0.1875, -0.5625]}
							}
						},
						{
							"origin": [-0.44173, 3.65313, -3.7409],
							"size": [0.08346, 0.2091, 4.5318],
							"pivot": [0, 3.75768, -1.725],
							"rotation": [-10, 0, 0],
							"uv": {
								"north": {"uv": [1, 37], "uv_size": [0.0625, 0.1875]},
								"east": {"uv": [30, 14], "uv_size": [4.5625, 0.1875]},
								"south": {"uv": [37, 1], "uv_size": [0.0625, 0.1875]},
								"west": {"uv": [30, 15], "uv_size": [4.5625, 0.1875]},
								"up": {"uv": [22, 33], "uv_size": [0.0625, 4.5625]},
								"down": {"uv": [23, 37.5625], "uv_size": [0.0625, -4.5625]}
							}
						},
						{
							"origin": [0.35827, 3.14302, -3.87312],
							"size": [0.08346, 0.2091, 1.8318],
							"pivot": [0, 3.24757, -1.85722],
							"rotation": [-25, 0, 0],
							"uv": {
								"north": {"uv": [3, 37], "uv_size": [0.0625, 0.1875]},
								"east": {"uv": [14, 33], "uv_size": [1.8125, 0.1875]},
								"south": {"uv": [37, 3], "uv_size": [0.0625, 0.1875]},
								"west": {"uv": [16, 33], "uv_size": [1.8125, 0.1875]},
								"up": {"uv": [35, 3], "uv_size": [0.0625, 1.8125]},
								"down": {"uv": [35, 6.8125], "uv_size": [0.0625, -1.8125]}
							}
						},
						{
							"origin": [-0.44173, 3.23062, -2.06825],
							"size": [0.08346, 0.2091, 2.7318],
							"uv": {
								"north": {"uv": [5, 37], "uv_size": [0.0625, 0.1875]},
								"east": {"uv": [31, 5], "uv_size": [2.75, 0.1875]},
								"south": {"uv": [37, 5], "uv_size": [0.0625, 0.1875]},
								"west": {"uv": [6, 31], "uv_size": [2.75, 0.1875]},
								"up": {"uv": [7, 34], "uv_size": [0.0625, 2.75]},
								"down": {"uv": [8, 36.75], "uv_size": [0.0625, -2.75]}
							}
						},
						{
							"origin": [0.35827, 3.23062, -2.06825],
							"size": [0.08346, 0.2091, 2.7318],
							"uv": {
								"north": {"uv": [4, 37], "uv_size": [0.0625, 0.1875]},
								"east": {"uv": [31, 3], "uv_size": [2.75, 0.1875]},
								"south": {"uv": [37, 4], "uv_size": [0.0625, 0.1875]},
								"west": {"uv": [31, 4], "uv_size": [2.75, 0.1875]},
								"up": {"uv": [6, 34], "uv_size": [0.0625, 2.75]},
								"down": {"uv": [34, 8.75], "uv_size": [0.0625, -2.75]}
							}
						},
						{
							"origin": [-0.44173, 3.14302, -3.87312],
							"size": [0.08346, 0.2091, 1.8318],
							"pivot": [0, 3.24757, -1.85722],
							"rotation": [-25, 0, 0],
							"uv": {
								"north": {"uv": [2, 37], "uv_size": [0.0625, 0.1875]},
								"east": {"uv": [33, 10], "uv_size": [1.8125, 0.1875]},
								"south": {"uv": [37, 2], "uv_size": [0.0625, 0.1875]},
								"west": {"uv": [33, 11], "uv_size": [1.8125, 0.1875]},
								"up": {"uv": [1, 35], "uv_size": [0.0625, 1.8125]},
								"down": {"uv": [35, 2.8125], "uv_size": [0.0625, -1.8125]}
							}
						},
						{
							"origin": [0.35827, 3.65313, -3.7409],
							"size": [0.08346, 0.2091, 4.5318],
							"pivot": [0, 3.75768, -1.725],
							"rotation": [-10, 0, 0],
							"uv": {
								"north": {"uv": [0, 37], "uv_size": [0.0625, 0.1875]},
								"east": {"uv": [30, 12], "uv_size": [4.5625, 0.1875]},
								"south": {"uv": [37, 0], "uv_size": [0.0625, 0.1875]},
								"west": {"uv": [30, 13], "uv_size": [4.5625, 0.1875]},
								"up": {"uv": [20, 33], "uv_size": [0.0625, 4.5625]},
								"down": {"uv": [21, 37.5625], "uv_size": [0.0625, -4.5625]}
							}
						},
						{
							"origin": [-0.44173, 3.45313, -2.9409],
							"size": [0.08346, 0.2091, 2.4318],
							"pivot": [0, 3.75768, -1.725],
							"rotation": [-10, 0, 0],
							"uv": {
								"north": {"uv": [7, 37], "uv_size": [0.0625, 0.1875]},
								"east": {"uv": [32, 24], "uv_size": [2.4375, 0.1875]},
								"south": {"uv": [37, 7], "uv_size": [0.0625, 0.1875]},
								"west": {"uv": [32, 25], "uv_size": [2.4375, 0.1875]},
								"up": {"uv": [24, 34], "uv_size": [0.0625, 2.4375]},
								"down": {"uv": [25, 36.4375], "uv_size": [0.0625, -2.4375]}
							}
						},
						{
							"origin": [0.35827, 3.45313, -2.9409],
							"size": [0.08346, 0.2091, 2.4318],
							"pivot": [0, 3.75768, -1.725],
							"rotation": [-10, 0, 0],
							"uv": {
								"north": {"uv": [6, 37], "uv_size": [0.0625, 0.1875]},
								"east": {"uv": [32, 22], "uv_size": [2.4375, 0.1875]},
								"south": {"uv": [37, 6], "uv_size": [0.0625, 0.1875]},
								"west": {"uv": [32, 23], "uv_size": [2.4375, 0.1875]},
								"up": {"uv": [17, 34], "uv_size": [0.0625, 2.4375]},
								"down": {"uv": [34, 20.4375], "uv_size": [0.0625, -2.4375]}
							}
						},
						{
							"origin": [-0.44173, 3.25313, -2.2409],
							"size": [0.08346, 0.2091, 0.6318],
							"pivot": [0, 3.75768, -1.725],
							"rotation": [-10, 0, 0],
							"uv": {
								"north": {"uv": [9, 37], "uv_size": [0.0625, 0.1875]},
								"east": {"uv": [0, 35], "uv_size": [0.625, 0.1875]},
								"south": {"uv": [37, 9], "uv_size": [0.0625, 0.1875]},
								"west": {"uv": [35, 0], "uv_size": [0.625, 0.1875]},
								"up": {"uv": [36, 29], "uv_size": [0.0625, 0.625]},
								"down": {"uv": [30, 36.625], "uv_size": [0.0625, -0.625]}
							}
						},
						{
							"origin": [0.35827, 3.25313, -2.2409],
							"size": [0.08346, 0.2091, 0.6318],
							"pivot": [0, 3.75768, -1.725],
							"rotation": [-10, 0, 0],
							"uv": {
								"north": {"uv": [8, 37], "uv_size": [0.0625, 0.1875]},
								"east": {"uv": [34, 33], "uv_size": [0.625, 0.1875]},
								"south": {"uv": [37, 8], "uv_size": [0.0625, 0.1875]},
								"west": {"uv": [34, 34], "uv_size": [0.625, 0.1875]},
								"up": {"uv": [36, 28], "uv_size": [0.0625, 0.625]},
								"down": {"uv": [29, 36.625], "uv_size": [0.0625, -0.625]}
							}
						},
						{
							"origin": [-0.33973, 3.33276, -3.3461],
							"size": [0.18146, 0.32049, 0.69371],
							"pivot": [-0.374, 3.40676, -2.7221],
							"rotation": [20, 0, 0],
							"uv": {
								"north": {"uv": [34, 35], "uv_size": [0.1875, 0.3125]},
								"east": {"uv": [1, 34], "uv_size": [0.6875, 0.3125]},
								"south": {"uv": [35, 34], "uv_size": [0.1875, 0.3125]},
								"west": {"uv": [34, 1], "uv_size": [0.6875, 0.3125]},
								"up": {"uv": [34, 31], "uv_size": [0.1875, 0.6875]},
								"down": {"uv": [32, 34.6875], "uv_size": [0.1875, -0.6875]}
							}
						},
						{
							"origin": [-0.34073, 3.25413, -0.949],
							"size": [0.18146, 0.32049, 0.29371],
							"pivot": [-0.375, 3.32813, -0.725],
							"rotation": [-45, 0, 0],
							"uv": {
								"north": {"uv": [32, 35], "uv_size": [0.1875, 0.3125]},
								"east": {"uv": [35, 20], "uv_size": [0.3125, 0.3125]},
								"south": {"uv": [35, 32], "uv_size": [0.1875, 0.3125]},
								"west": {"uv": [35, 21], "uv_size": [0.3125, 0.3125]},
								"up": {"uv": [33, 35], "uv_size": [0.1875, 0.3125]},
								"down": {"uv": [35, 33.3125], "uv_size": [0.1875, -0.3125]}
							}
						},
						{
							"origin": [-0.34173, 3.45313, -2.7409],
							"size": [0.18346, 0.2091, 1.2318],
							"uv": {
								"north": {"uv": [36, 31], "uv_size": [0.1875, 0.1875]},
								"east": {"uv": [35, 10], "uv_size": [0.5625, 0.1875]},
								"south": {"uv": [32, 36], "uv_size": [0.1875, 0.1875]},
								"west": {"uv": [35, 11], "uv_size": [0.5625, 0.1875]},
								"up": {"uv": [35, 12], "uv_size": [0.1875, 0.5625]},
								"down": {"uv": [35, 13.5625], "uv_size": [0.1875, -0.5625]}
							}
						},
						{
							"origin": [0.18579, 3.25313, -4.775],
							"size": [0.12842, 3.05, 0.3],
							"uv": {
								"north": {"uv": [10, 33], "uv_size": [0.125, 3.0625]},
								"east": {"uv": [30, 2], "uv_size": [0.3125, 3.0625]},
								"south": {"uv": [11, 33], "uv_size": [0.125, 3.0625]},
								"west": {"uv": [3, 30], "uv_size": [0.3125, 3.0625]},
								"up": {"uv": [4, 36], "uv_size": [0.125, 0.3125]},
								"down": {"uv": [36, 4.3125], "uv_size": [0.125, -0.3125]}
							}
						},
						{
							"origin": [-0.31421, 2.9821, -5.72933],
							"size": [0.12842, 0.675, 0.3],
							"pivot": [0, 4.2696, -5.57933],
							"rotation": [45, 0, 0],
							"uv": {
								"north": {"uv": [35, 27], "uv_size": [0.125, 0.6875]},
								"east": {"uv": [0, 34], "uv_size": [0.3125, 0.6875]},
								"south": {"uv": [28, 35], "uv_size": [0.125, 0.6875]},
								"west": {"uv": [34, 0], "uv_size": [0.3125, 0.6875]}
							}
						},
						{
							"origin": [0.18579, 2.9821, -5.72933],
							"size": [0.12842, 0.675, 0.4],
							"pivot": [0, 4.2696, -5.57933],
							"rotation": [45, 0, 0],
							"uv": {
								"north": {"uv": [26, 35], "uv_size": [0.125, 0.6875]},
								"east": {"uv": [30, 33], "uv_size": [0.375, 0.6875]},
								"south": {"uv": [27, 35], "uv_size": [0.125, 0.6875]},
								"west": {"uv": [33, 30], "uv_size": [0.375, 0.6875]}
							}
						},
						{
							"origin": [-0.31421, 3.68911, -4.96029],
							"size": [0.12842, 2.6, 0.3],
							"pivot": [0, 5.30161, -4.81029],
							"rotation": [-10, 0, 0],
							"uv": {
								"north": {"uv": [19, 33], "uv_size": [0.125, 2.625]},
								"east": {"uv": [30, 26], "uv_size": [0.3125, 2.625]},
								"south": {"uv": [33, 19], "uv_size": [0.125, 2.625]},
								"west": {"uv": [29, 30], "uv_size": [0.3125, 2.625]},
								"up": {"uv": [36, 27], "uv_size": [0.125, 0.3125]},
								"down": {"uv": [28, 36.3125], "uv_size": [0.125, -0.3125]}
							}
						},
						{
							"origin": [0.18579, 3.68911, -4.96029],
							"size": [0.12842, 2.6, 0.3],
							"pivot": [0, 5.30161, -4.81029],
							"rotation": [-10, 0, 0],
							"uv": {
								"north": {"uv": [33, 16], "uv_size": [0.125, 2.625]},
								"east": {"uv": [25, 30], "uv_size": [0.3125, 2.625]},
								"south": {"uv": [18, 33], "uv_size": [0.125, 2.625]},
								"west": {"uv": [26, 30], "uv_size": [0.3125, 2.625]},
								"up": {"uv": [26, 36], "uv_size": [0.125, 0.3125]},
								"down": {"uv": [27, 36.3125], "uv_size": [0.125, -0.3125]}
							}
						},
						{
							"origin": [0.18579, 4.01411, -4.96029],
							"size": [0.12842, 2.275, 0.3],
							"pivot": [0, 5.30161, -4.81029],
							"rotation": [-10, 0, 0],
							"uv": {
								"north": {"uv": [33, 27], "uv_size": [0.125, 2.25]},
								"east": {"uv": [30, 29], "uv_size": [0.3125, 2.25]},
								"south": {"uv": [29, 33], "uv_size": [0.125, 2.25]},
								"west": {"uv": [31, 0], "uv_size": [0.3125, 2.25]}
							}
						},
						{
							"origin": [-0.31421, 3.71411, -4.76029],
							"size": [0.12842, 1.275, 0.2],
							"pivot": [0, 5.30161, -4.71029],
							"rotation": [-10, 0, 0],
							"uv": {
								"north": {"uv": [16, 34], "uv_size": [0.125, 1.25]},
								"east": {"uv": [31, 33], "uv_size": [0.1875, 1.25]},
								"south": {"uv": [34, 16], "uv_size": [0.125, 1.25]},
								"west": {"uv": [33, 31], "uv_size": [0.1875, 1.25]}
							}
						},
						{
							"origin": [0.18579, 3.71411, -4.76029],
							"size": [0.12842, 1.275, 0.3],
							"pivot": [0, 5.30161, -4.71029],
							"rotation": [-10, 0, 0],
							"uv": {
								"north": {"uv": [14, 34], "uv_size": [0.125, 1.25]},
								"east": {"uv": [33, 8], "uv_size": [0.3125, 1.25]},
								"south": {"uv": [15, 34], "uv_size": [0.125, 1.25]},
								"west": {"uv": [9, 33], "uv_size": [0.3125, 1.25]}
							}
						},
						{
							"origin": [-0.31421, 3.25313, -4.775],
							"size": [0.12842, 3.05, 0.3],
							"uv": {
								"north": {"uv": [12, 33], "uv_size": [0.125, 3.0625]},
								"east": {"uv": [4, 30], "uv_size": [0.3125, 3.0625]},
								"south": {"uv": [13, 33], "uv_size": [0.125, 3.0625]},
								"west": {"uv": [5, 30], "uv_size": [0.3125, 3.0625]},
								"up": {"uv": [5, 36], "uv_size": [0.125, 0.3125]},
								"down": {"uv": [36, 5.3125], "uv_size": [0.125, -0.3125]}
							}
						},
						{
							"origin": [-0.18579, 5.64063, -4.775],
							"size": [0.12158, 0.325, 0.3],
							"uv": {
								"north": {"uv": [36, 6], "uv_size": [0.125, 0.3125]},
								"south": {"uv": [36, 7], "uv_size": [0.125, 0.3125]},
								"west": {"uv": [35, 16], "uv_size": [0.3125, 0.3125]},
								"up": {"uv": [36, 8], "uv_size": [0.125, 0.3125]},
								"down": {"uv": [9, 36.3125], "uv_size": [0.125, -0.3125]}
							}
						},
						{
							"origin": [-0.06421, 5.64063, -4.775],
							"size": [0.12842, 0.275, 0.3],
							"uv": {
								"north": {"uv": [36, 32], "uv_size": [0.125, 0.25]},
								"south": {"uv": [33, 36], "uv_size": [0.125, 0.25]},
								"up": {"uv": [36, 22], "uv_size": [0.125, 0.3125]},
								"down": {"uv": [36, 23.3125], "uv_size": [0.125, -0.3125]}
							}
						},
						{
							"origin": [-0.18921, 6.14063, -4.775],
							"size": [0.37842, 0.15, 0.3],
							"uv": {
								"north": {"uv": [35, 35], "uv_size": [0.375, 0.125]},
								"south": {"uv": [0, 36], "uv_size": [0.375, 0.125]},
								"up": {"uv": [34, 32], "uv_size": [0.375, 0.3125]},
								"down": {"uv": [33, 34.3125], "uv_size": [0.375, -0.3125]}
							}
						},
						{
							"origin": [0.06421, 5.64063, -4.775],
							"size": [0.12158, 0.325, 0.3],
							"uv": {
								"north": {"uv": [36, 9], "uv_size": [0.125, 0.3125]},
								"east": {"uv": [35, 17], "uv_size": [0.3125, 0.3125]},
								"south": {"uv": [36, 10], "uv_size": [0.125, 0.3125]},
								"up": {"uv": [36, 11], "uv_size": [0.125, 0.3125]},
								"down": {"uv": [36, 12.3125], "uv_size": [0.125, -0.3125]}
							}
						},
						{
							"origin": [0.06421, 5.09063, -4.775],
							"size": [0.12158, 0.325, 0.3],
							"uv": {
								"north": {"uv": [36, 13], "uv_size": [0.125, 0.3125]},
								"east": {"uv": [35, 18], "uv_size": [0.3125, 0.3125]},
								"south": {"uv": [13.9375, 35.8125], "uv_size": [0.1875, 0.5]},
								"up": {"uv": [36, 14], "uv_size": [0.125, 0.3125]},
								"down": {"uv": [15, 36.3125], "uv_size": [0.125, -0.3125]}
							}
						},
						{
							"origin": [-0.06421, 5.09063, -4.775],
							"size": [0.12842, 0.275, 0.3],
							"uv": {
								"north": {"uv": [36, 33], "uv_size": [0.125, 0.25]},
								"south": {"uv": [33.9375, 35.8125], "uv_size": [0.1875, 0.4375]},
								"up": {"uv": [36, 24], "uv_size": [0.125, 0.3125]},
								"down": {"uv": [36, 25.3125], "uv_size": [0.125, -0.3125]}
							}
						},
						{
							"origin": [-0.18579, 5.09063, -4.775],
							"size": [0.12158, 0.325, 0.3],
							"uv": {
								"north": {"uv": [36, 15], "uv_size": [0.125, 0.3125]},
								"south": {"uv": [15.9375, 35.8125], "uv_size": [0.1875, 0.5]},
								"west": {"uv": [35, 19], "uv_size": [0.3125, 0.3125]},
								"up": {"uv": [36, 16], "uv_size": [0.125, 0.3125]},
								"down": {"uv": [36, 17.3125], "uv_size": [0.125, -0.3125]}
							}
						},
						{
							"origin": [0.06421, 3.25313, -4.775],
							"size": [0.12158, 1.575, 0.3],
							"uv": {
								"north": {"uv": [2, 34], "uv_size": [0.125, 1.5625]},
								"east": {"uv": [31, 8], "uv_size": [0.3125, 1.5625]},
								"south": {"uv": [34, 2], "uv_size": [0.125, 1.5625]},
								"up": {"uv": [18, 36], "uv_size": [0.125, 0.3125]},
								"down": {"uv": [36, 18.3125], "uv_size": [0.125, -0.3125]}
							}
						},
						{
							"origin": [-0.06421, 3.25313, -4.775],
							"size": [0.12842, 1.525, 0.3],
							"uv": {
								"north": {"uv": [34, 4], "uv_size": [0.125, 1.5]},
								"south": {"uv": [5, 34], "uv_size": [0.125, 1.5]},
								"up": {"uv": [36, 20], "uv_size": [0.125, 0.3125]},
								"down": {"uv": [36, 21.3125], "uv_size": [0.125, -0.3125]}
							}
						},
						{
							"origin": [-0.18579, 3.25313, -4.775],
							"size": [0.12158, 1.575, 0.3],
							"uv": {
								"north": {"uv": [3, 34], "uv_size": [0.125, 1.5625]},
								"south": {"uv": [4, 34], "uv_size": [0.125, 1.5625]},
								"west": {"uv": [9, 31], "uv_size": [0.3125, 1.5625]},
								"up": {"uv": [19, 36], "uv_size": [0.125, 0.3125]},
								"down": {"uv": [36, 19.3125], "uv_size": [0.125, -0.3125]}
							}
						}
					]
				},
				{
					"name": "octagon",
					"parent": "Sight",
					"pivot": [-0.875, 4.5, 0]
				},
				{
					"name": "exhaust1",
					"parent": "RPG",
					"pivot": [0, 5.45313, 23.75],
					"rotation": [90, 0, 0]
				},
				{
					"name": "bone77",
					"parent": "exhaust1",
					"pivot": [0, 4.45313, 23.75],
					"rotation": [0, -30, 0]
				},
				{
					"name": "bone78",
					"parent": "bone77",
					"pivot": [0, 4.45313, 23.75]
				},
				{
					"name": "bone79",
					"parent": "bone77",
					"pivot": [0, 4.45313, 23.75],
					"rotation": [0, -60, 0]
				},
				{
					"name": "bone80",
					"parent": "bone77",
					"pivot": [0, 4.45313, 23.75],
					"rotation": [0, -120, 0]
				},
				{
					"name": "bone81",
					"parent": "bone77",
					"pivot": [0, 4.45313, 23.75],
					"rotation": [0, -180, 0]
				},
				{
					"name": "bone82",
					"parent": "bone77",
					"pivot": [0, 4.45313, 23.75],
					"rotation": [0, -240, 0]
				},
				{
					"name": "bone83",
					"parent": "bone77",
					"pivot": [0, 4.45313, 23.75],
					"rotation": [0, -300, 0]
				},
				{
					"name": "bone",
					"parent": "exhaust1",
					"pivot": [0, 5.45313, 23.75],
					"rotation": [0, -30, 0]
				},
				{
					"name": "bone53",
					"parent": "bone",
					"pivot": [0, 5.45313, 23.75]
				},
				{
					"name": "bone54",
					"parent": "bone53",
					"pivot": [0, 5.45313, 22.23851],
					"rotation": [-7.29477, 0, 0]
				},
				{
					"name": "bone55",
					"parent": "bone54",
					"pivot": [0, 5.38915, 22.23851],
					"rotation": [0, 0, -4.19277]
				},
				{
					"name": "bone56",
					"parent": "bone54",
					"pivot": [0, 5.38915, 22.23851],
					"rotation": [0, 0, 4.19277]
				},
				{
					"name": "bone57",
					"parent": "bone",
					"pivot": [0, 5.45313, 23.75],
					"rotation": [0, -60, 0]
				},
				{
					"name": "bone58",
					"parent": "bone57",
					"pivot": [0, 5.45313, 22.23851],
					"rotation": [-7.29477, 0, 0]
				},
				{
					"name": "bone59",
					"parent": "bone58",
					"pivot": [0, 5.38915, 22.23851],
					"rotation": [0, 0, -4.19277]
				},
				{
					"name": "bone60",
					"parent": "bone58",
					"pivot": [0, 5.38915, 22.23851],
					"rotation": [0, 0, 4.19277]
				},
				{
					"name": "bone61",
					"parent": "bone",
					"pivot": [0, 5.45313, 23.75],
					"rotation": [0, -120, 0]
				},
				{
					"name": "bone62",
					"parent": "bone61",
					"pivot": [0, 5.45313, 22.23851],
					"rotation": [-7.29477, 0, 0]
				},
				{
					"name": "bone63",
					"parent": "bone62",
					"pivot": [0, 5.38915, 22.23851],
					"rotation": [0, 0, -4.19277]
				},
				{
					"name": "bone64",
					"parent": "bone62",
					"pivot": [0, 5.38915, 22.23851],
					"rotation": [0, 0, 4.19277]
				},
				{
					"name": "bone65",
					"parent": "bone",
					"pivot": [0, 5.45313, 23.75],
					"rotation": [0, -180, 0]
				},
				{
					"name": "bone66",
					"parent": "bone65",
					"pivot": [0, 5.45313, 22.23851],
					"rotation": [-7.29477, 0, 0]
				},
				{
					"name": "bone67",
					"parent": "bone66",
					"pivot": [0, 5.38915, 22.23851],
					"rotation": [0, 0, -4.19277]
				},
				{
					"name": "bone68",
					"parent": "bone66",
					"pivot": [0, 5.38915, 22.23851],
					"rotation": [0, 0, 4.19277]
				},
				{
					"name": "bone69",
					"parent": "bone",
					"pivot": [0, 5.45313, 23.75],
					"rotation": [0, -240, 0]
				},
				{
					"name": "bone70",
					"parent": "bone69",
					"pivot": [0, 5.45313, 22.23851],
					"rotation": [-7.29477, 0, 0]
				},
				{
					"name": "bone71",
					"parent": "bone70",
					"pivot": [0, 5.38915, 22.23851],
					"rotation": [0, 0, -4.19277]
				},
				{
					"name": "bone72",
					"parent": "bone70",
					"pivot": [0, 5.38915, 22.23851],
					"rotation": [0, 0, 4.19277]
				},
				{
					"name": "bone73",
					"parent": "bone",
					"pivot": [0, 5.45313, 23.75],
					"rotation": [0, -300, 0]
				},
				{
					"name": "bone74",
					"parent": "bone73",
					"pivot": [0, 5.45313, 22.23851],
					"rotation": [-7.29477, 0, 0]
				},
				{
					"name": "bone75",
					"parent": "bone74",
					"pivot": [0, 5.38915, 22.23851],
					"rotation": [0, 0, -4.19277]
				},
				{
					"name": "bone76",
					"parent": "bone74",
					"pivot": [0, 5.38915, 22.23851],
					"rotation": [0, 0, 4.19277]
				},
				{
					"name": "Gunbody",
					"parent": "RPG",
					"pivot": [0, 8, 0],
					"cubes": [
						{
							"origin": [-0.34173, 1.62813, -7.625],
							"size": [0.68346, 0.2125, 18.125],
							"pivot": [0, 2.45313, 0],
							"rotation": [0, 0, 22.5],
							"uv": {
								"north": {"uv": [26, 34], "uv_size": [0.6875, 0.1875]},
								"up": {"uv": [0, 0], "uv_size": [0.6875, 18.125]},
								"down": {"uv": [1, 18.125], "uv_size": [0.6875, -18.125]}
							}
						},
						{
							"origin": [-0.34173, 1.62813, -7.625],
							"size": [0.68346, 0.2125, 18.125],
							"pivot": [0, 2.45313, 0],
							"rotation": [0, 0, -22.5],
							"uv": {
								"north": {"uv": [27, 34], "uv_size": [0.6875, 0.1875]},
								"up": {"uv": [2, 0], "uv_size": [0.6875, 18.125]},
								"down": {"uv": [3, 18.125], "uv_size": [0.6875, -18.125]}
							}
						},
						{
							"origin": [-0.34173, 3.06563, -7.625],
							"size": [0.68346, 0.2125, 18.125],
							"pivot": [0, 2.45313, 0],
							"rotation": [0, 0, 22.5],
							"uv": {
								"north": {"uv": [34, 27], "uv_size": [0.6875, 0.1875]},
								"up": {"uv": [4, 0], "uv_size": [0.6875, 18.125]},
								"down": {"uv": [5, 18.125], "uv_size": [0.6875, -18.125]}
							}
						},
						{
							"origin": [0.6125, 2.1114, -7.625],
							"size": [0.2125, 0.68346, 18.125],
							"pivot": [0, 2.45313, 0],
							"rotation": [0, 0, -22.5],
							"uv": {
								"north": {"uv": [28, 34], "uv_size": [0.1875, 0.6875]},
								"east": {"uv": [6, 0], "uv_size": [18.125, 0.6875]},
								"west": {"uv": [6, 1], "uv_size": [18.125, 0.6875]}
							}
						},
						{
							"origin": [-0.34173, 3.06563, -7.625],
							"size": [0.68346, 0.2125, 18.125],
							"pivot": [0, 2.45313, 0],
							"rotation": [0, 0, -22.5],
							"uv": {
								"north": {"uv": [34, 28], "uv_size": [0.6875, 0.1875]},
								"up": {"uv": [6, 2], "uv_size": [0.6875, 18.125]},
								"down": {"uv": [7, 20.125], "uv_size": [0.6875, -18.125]}
							}
						},
						{
							"origin": [0.6125, 2.1114, -7.625],
							"size": [0.2125, 0.68346, 18.125],
							"pivot": [0, 2.45313, 0],
							"rotation": [0, 0, 22.5],
							"uv": {
								"north": {"uv": [34, 29], "uv_size": [0.1875, 0.6875]},
								"east": {"uv": [8, 2], "uv_size": [18.125, 0.6875]},
								"west": {"uv": [8, 3], "uv_size": [18.125, 0.6875]}
							}
						},
						{
							"origin": [-0.825, 2.1114, -7.625],
							"size": [0.2125, 0.68346, 18.125],
							"pivot": [0, 2.45313, 0],
							"rotation": [0, 0, 22.5],
							"uv": {
								"north": {"uv": [30, 34], "uv_size": [0.1875, 0.6875]},
								"east": {"uv": [8, 4], "uv_size": [18.125, 0.6875]},
								"west": {"uv": [8, 5], "uv_size": [18.125, 0.6875]}
							}
						},
						{
							"origin": [-0.825, 2.1114, -7.625],
							"size": [0.2125, 0.68346, 18.125],
							"pivot": [0, 2.45313, 0],
							"rotation": [0, 0, -22.5],
							"uv": {
								"north": {"uv": [34, 30], "uv_size": [0.1875, 0.6875]},
								"east": {"uv": [8, 6], "uv_size": [18.125, 0.6875]},
								"west": {"uv": [8, 7], "uv_size": [18.125, 0.6875]}
							}
						}
					]
				},
				{
					"name": "octagon3",
					"parent": "Gunbody",
					"pivot": [0, 2.45, 10.48136],
					"cubes": [
						{
							"origin": [-0.25, 2.08579, 9.58136],
							"size": [0.5, 0.72843, 1.8],
							"pivot": [0, 2.45, 10.48136],
							"rotation": [0, 90, 22.5],
							"uv": {
								"north": {"uv": [33, 1], "uv_size": [0.5, 0.8125]},
								"east": {"uv": [12, 25], "uv_size": [2, 0.8125]},
								"south": {"uv": [2, 33], "uv_size": [0.5, 0.8125]},
								"west": {"uv": [14, 25], "uv_size": [2, 0.8125]},
								"up": {"uv": [29, 26], "uv_size": [0.5, 2]},
								"down": {"uv": [27, 31], "uv_size": [0.5, -2]}
							}
						},
						{
							"origin": [-0.25, 1.55, 10.11715],
							"size": [0.5, 1.8, 0.72843],
							"pivot": [0, 2.45, 10.48136],
							"rotation": [0, 90, 22.5],
							"uv": {
								"north": {"uv": [28, 29], "uv_size": [0.5, 2]},
								"east": {"uv": [25, 14], "uv_size": [0.8125, 2]},
								"south": {"uv": [29, 28], "uv_size": [0.5, 2]},
								"west": {"uv": [16, 25], "uv_size": [0.8125, 2]},
								"up": {"uv": [33, 2], "uv_size": [0.5, 0.8125]},
								"down": {"uv": [6, 33.8125], "uv_size": [0.5, -0.8125]}
							}
						},
						{
							"origin": [-0.25, 1.55, 10.11715],
							"size": [0.5, 1.8, 0.72843],
							"pivot": [0, 2.45, 10.48136],
							"rotation": [0, 90, -22.5],
							"uv": {
								"north": {"uv": [0, 30], "uv_size": [0.5, 2]},
								"east": {"uv": [17, 25], "uv_size": [0.8125, 2]},
								"south": {"uv": [30, 0], "uv_size": [0.5, 2]},
								"west": {"uv": [25, 19], "uv_size": [0.8125, 2]},
								"up": {"uv": [33, 6], "uv_size": [0.5, 0.8125]},
								"down": {"uv": [7, 33.8125], "uv_size": [0.5, -0.8125]}
							}
						},
						{
							"origin": [-0.25, 2.08579, 9.58136],
							"size": [0.5, 0.72843, 1.8],
							"pivot": [0, 2.45, 10.48136],
							"rotation": [0, 90, -22.5],
							"uv": {
								"north": {"uv": [33, 7], "uv_size": [0.5, 0.8125]},
								"east": {"uv": [25, 21], "uv_size": [2, 0.8125]},
								"south": {"uv": [8, 33], "uv_size": [0.5, 0.8125]},
								"west": {"uv": [22, 25], "uv_size": [2, 0.8125]},
								"up": {"uv": [1, 30], "uv_size": [0.5, 2]},
								"down": {"uv": [2, 32], "uv_size": [0.5, -2]}
							}
						}
					]
				},
				{
					"name": "group7",
					"parent": "Gunbody",
					"pivot": [0, 5.25, 4.8]
				},
				{
					"name": "group8",
					"parent": "group7",
					"pivot": [0, 5.25, 4]
				},
				{
					"name": "group9",
					"parent": "group7",
					"pivot": [0, 5.25, 4]
				},
				{
					"name": "camera",
					"pivot": [2.8, 8.15, 2.075]
				},
				{
					"name": "idle_view",
					"pivot": [2.8, 8.15, 5.075]
				},
				{
					"name": "iron_view",
					"pivot": [0, 5.5125, -3.25]
				},
				{
					"name": "refit_view",
					"pivot": [25, 5, 2],
					"rotation": [0, 90, 0]
				},
				{
					"name": "positioning",
					"pivot": [0, 0, 0]
				},
				{
					"name": "thirdperson_hand",
					"parent": "positioning",
					"pivot": [0, 3.575, -1.85]
				},
				{
					"name": "ground",
					"parent": "positioning",
					"pivot": [0, -0.9, 0.65]
				},
				{
					"name": "fixed",
					"parent": "positioning",
					"pivot": [1.4, 5.25, 1.225],
					"rotation": [0, 90, 0]
				},
				{
					"name": "octagon4",
					"pivot": [0, 2.45, -8]
				}
			]
		}
	]
}