{
    "model": "oldgun:gun/bar_geo",
    "texture": "oldgun:gun/uv/bar",
    "slot": "oldgun:gun/slot/bar",
    "hud": "oldgun:gun/hud/bar",
    "animation": "oldgun:bar",
    "use_default_animation": "rifle",

    "sounds": {
        "shoot": "oldgun:bar/bar_shoot",
        "silence_3p": "oldgun:bar/bar_shoot",
        "inspect_empty": "oldgun:bar/bar_inspect_empty",
        "inspect": "oldgun:bar/bar_inspect_empty",
        "reload_empty": "oldgun:bar/bar_reload_empty",
        "reload_tactical": "oldgun:bar/bar_reload_tactical",
        "boltback": "oldgun:m1903/m1903_boltback"
    },
       
    "muzzle_flash": {
       
        "texture": "tacz:flash/common_muzzle_flash",
        
        "scale": 1.5
      },
    "shell": {
        // 抛壳的初速度的 xyz 值
        "initial_velocity": [5, 2, 1],
        // 抛壳随机变化的运动速度 xyz 值，从 0 ~ 1 随机缩放后叠加在初速度上。
        "random_velocity": [1, 1, 0.25],
        // 抛壳的加速度
        "acceleration": [0.0, -10, 0.0],
        // 抛壳的三轴角速度，从 0.5 ~ 1 随机缩放。
        "angular_velocity": [360, -1200, 90],
        // 抛壳渲染存活时间，单位为秒
        "living_time": 1.0
    },

    "iron_zoom": 1.2,

        "text_show": {
           
            "ammo_count_text_pos": {
             
              "scale": 0.35,
            
              "align": "right",
              
              "shadow": false,
            
              "color": "#53f9af",
            
              "light": 15,
             
              "text": "%cbr11%"
            }
            
          },

    "transform": {
        "scale": {
           
            "thirdperson": [
                0.5,
                0.5,
                0.5
            ],
           
            "ground": [
                0.5,
                0.5,
                0.5
            ],
           
            "fixed": [
                1.0,
                1.0,
                1.0
            ]
        }
    },
    "third_person_animation": "default"
}