{
    "model": "oldgun:gun/m1891_s_geo",
    "texture": "oldgun:gun/uv/m1891_s",
    "slot": "oldgun:gun/slot/m1891_s",
    "hud": "oldgun:gun/hud/m1891_s",
    "animation": "oldgun:m1891_s",
    "use_default_animation": "rifle",

    "sounds": {
        "shoot": "oldgun:m1891/m1891_shoot",
        "silence_3p": "oldgun:m1891/m1891_shoot",
        "bolt": "oldgun:m1903/m1903_bolt",
        "inspect_empty": "oldgun:m1903/m1903_inspect_empty",
        "inspect": "oldgun:m1903/m1903_inspect_empty",
        "reload_empty": "oldgun:m1891/m1891_reload_empty",
        "reload_tactical": "oldgun:m1903/m1903_reload_tactical",
        "boltback": "oldgun:m1903/m1903_boltback"
    },
       
    "muzzle_flash": {
       
        "texture": "tacz:flash/common_muzzle_flash",
        
        "scale": 1.5
      },

    "iron_zoom": 1.2,

        "text_show": {
           
            "ammo_count_text_pos": {
             
              "scale": 0.35,
            
              "align": "right",
              
              "shadow": false,
            
              "color": "#53f9af",
            
              "light": 15,
             
              "text": "%cbr11%"
            }
            
          },

    "transform": {
        "scale": {
           
            "thirdperson": [
                0.5,
                0.5,
                0.5
            ],
           
            "ground": [
                0.5,
                0.5,
                0.5
            ],
           
            "fixed": [
                1.0,
                1.0,
                1.0
            ]
        }
    },
    "third_person_animation": "default"
}